; where the lines of this interface stand in the package's sources,
; written by compiler/Interface.scaly: after a file's path, the interface
; line starting at the first byte is the source's line starting at the second
tscaly/DiagnosticMessages.scaly
722 1855
864 3254
1051 4559
1179 5099
1305 5308
1420 56346
1535 119385
1650 134261
1765 142323
1880 194565
1995 201514
2110 205614
2225 209861
2341 212443
2457 218622
2573 218837
2689 219982
2805 224550
2921 241270
3038 242823
3154 295583
3223 298318
3339 364794
3408 365109
3524 380773
3593 380868
3709 389417
3778 389600
3894 442664
3963 462163
4079 469643
4148 470178
4264 474281
4333 474420
4449 478804
4518 478899
4635 481580
4705 481676
4822 487923
4892 488109
5009 488355
5079 488496
5196 489614
5266 490160
5383 494578
5453 497149
5570 512981
5640 521717
5758 523153
5829 524124
tscaly/xxh3.scaly
3962 4156
4046 4543
4125 4641
4224 4902
4323 5163
4402 5393
4481 5623
4666 6157
4756 6300
4842 6393
4928 6560
5007 6807
5086 7054
5170 7269
5260 7509
5667 7982
5877 8273
6447 12864
6658 13235
6770 20024
6964 20358
7137 21142
7264 23195
tscaly/FeatureMap.scaly
1117 1377
1391 31304
1516 31453
1742 36326
tscaly/Diagnostics.scaly
3604 3766
4495 4800
4647 5097
4724 5371
4813 5709
4872 5775
5026 6242
5958 7712
6033 7765
6989 8859
8228 10310
8426 10736
8605 11436
8783 11926
8947 12268
9178 12990
9484 13791
9819 14566
10032 15465
10140 15651
10555 16387
10679 17488
10941 18252
11063 18915
11156 19117
11260 19297
11352 19576
11530 20352
11692 20588
11892 21393
11981 21568
12081 21846
12293 22285
12405 23530
12489 23840
12577 24008
13145 24761
15092 27132
15426 27584
15701 27899
16652 28977
17105 29623
17365 30709
17446 30981
tscaly/Keywords.scaly
1986 2164
2193 8784
2666 12194
tscaly/UnicodeId.scaly
15604 16068
tscaly/UnicodeProps.scaly
1710 2161
1913 8673
2258 9663
2391 14746
2549 33133
tscaly/JsCase.scaly
75662 75943
76015 76298
76077 76362
76468 76729
76541 76808
76618 76901
76833 77247
80341 81231
tscaly/UnicodeCase.scaly
71910 72232
72115 72756
tscaly/JsxEntities.scaly
639 14533
tscaly/jsnum.scaly
7288 7334
7478 7650
7591 8232
8187 10278
9203 14463
9389 14850
9560 16105
9678 16675
9832 17327
9950 17526
10064 18071
10264 18420
10437 18924
10896 22313
11260 22929
11387 23088
11487 25016
12022 29963
12443 31830
12600 32898
12994 34080
13699 34864
13833 35171
14130 36938
14472 37866
14840 38345
14933 38624
15016 38738
15105 39328
15190 39605
15320 40352
16399 42524
17213 43871
19823 46476
19897 48636
20871 50260
20983 50756
21233 52791
23002 57875
25332 60226
25420 60333
25699 60608
25783 60754
25867 60899
26026 61051
26337 61370
26419 61446
26730 61816
27419 62622
27642 62855
27733 62949
27833 63088
28170 63474
28262 63621
28347 63719
28439 63843
28532 63968
28625 64095
28710 64202
28800 64314
28890 64426
28978 64536
29064 64641
29297 65230
tscaly/scanner.scaly
6321 6872
7590 8123
8701 9205
19226 20371
19259 21102
19746 22256
20073 22644
20162 22811
20243 22923
20329 23039
20506 23442
20598 23588
21339 24313
21419 24383
21601 24547
21686 24625
21766 24695
22405 25316
22468 25386
22539 25472
22618 25527
23721 26717
23927 26914
24301 27243
24391 27317
24612 27518
24690 27575
24770 27636
24996 28000
25086 28167
25799 28978
25872 29062
26561 30538
27501 31444
27588 31528
27831 32032
28188 32461
28934 33422
29056 33712
29394 34227
29669 34921
29835 35258
29921 35639
30365 36821
31052 37623
31731 38426
34886 42000
36691 44746
37339 46029
37832 47027
39655 49624
39983 50238
40233 50692
40372 50816
40727 51143
40858 51256
41092 52690
41249 52927
41413 53359
41866 53821
42607 54567
42756 55456
42939 55700
43139 56396
43221 56579
43459 57189
43579 57485
43711 57797
43801 58616
44186 59299
44741 60184
45501 60944
45912 61383
46000 61494
46097 61622
46489 62045
47165 62761
47274 62908
47380 63051
48293 63918
48405 64000
49272 64961
51310 68093
51400 68191
51516 68969
51607 69071
52672 71217
53200 71813
53501 72382
53851 72802
54118 73100
54203 73338
54290 73635
54645 74149
55060 74879
55150 74972
55239 75064
55893 77250
56250 79110
56339 79306
56456 80603
56845 81244
58671 83841
58742 90578
60134 94995
60481 95734
60719 96141
62708 98198
63093 98673
63538 99235
63618 112580
64249 113742
64767 114377
65477 115276
65785 115843
66683 118019
68530 121615
69386 123048
69891 124084
69989 125476
70151 126621
71786 132732
71997 134168
72206 134578
73709 139616
75365 143355
76512 144966
76603 146795
76821 147132
77246 176444
78494 177855
78598 178053
80536 180101
83052 193833
84424 195196
84796 195857
84889 195950
85342 196560
85460 201024
85954 202527
86840 204282
87309 205891
88749 207429
89150 207915
89312 208258
89772 208915
90940 211433
91640 217188
91860 217420
92278 217920
93860 219657
94148 220029
94506 221479
94786 221808
94887 221958
95877 223413
95981 223543
96232 228390
96436 230218
96719 231548
96829 231856
96944 232224
97069 232482
97416 233293
97544 233451
98027 233958
98187 234141
98361 239033
99085 249010
104200 254871
104384 255035
104466 255101
104548 255177
104621 255231
104936 255541
105040 255644
105156 255763
105284 255898
105795 257387
106175 258026
107478 269194
107646 270466
107837 271874
107973 272891
108457 275264
108623 276324
108977 276703
109086 276785
109169 278105
109290 278408
109398 278724
109498 278889
109620 280645
110054 281096
111627 289770
111956 290231
112055 293013
112365 294591
112537 295435
112855 297088
113060 298060
113416 298701
113633 299401
113929 300215
114190 304319
114286 304677
114481 305080
115110 307214
115204 307430
115282 307717
115543 309813
115658 310130
tscaly/ast.scaly
64370 64409
64919 64997
86038 86111
86080 86148
86119 86182
86156 86214
86197 86250
86235 86283
86580 86624
87116 87292
87197 87369
93947 94155
94341 95220
94547 95552
94808 102522
95235 102975
96164 103964
96631 104468
96730 104604
97057 105110
97161 105387
97262 105576
97355 105756
97453 105946
98008 107124
98120 107282
98231 107433
98340 107584
98461 107795
98576 107957
98694 108125
98817 108303
99861 109742
100934 110944
101053 111184
101164 111424
101517 112066
102019 112944
102358 113437
102660 114927
102748 114995
103068 115537
103256 115983
103467 116603
103635 116902
103836 117320
104077 117789
104268 118244
105471 119834
105811 121698
105934 122442
106598 123541
106712 123778
107174 124695
107260 124759
107346 124823
107979 125631
109300 126992
109408 127280
109840 127919
109951 128213
110067 128517
110182 128766
110283 128991
110382 129212
110495 129448
110613 129694
110747 130613
110855 131191
111616 132752
112406 133672
112733 134126
113196 134716
114361 135946
114739 136463
116673 139501
116776 142509
116887 144079
117265 145349
117711 146438
118072 146947
119003 148507
119986 152082
120344 154431
120679 154950
121064 157364
121177 157743
121300 158631
121563 158949
121715 159255
121938 159914
122914 161765
123063 162050
123188 162233
123321 162428
123703 162971
124191 163737
124529 164594
125228 165972
125577 166515
126174 167318
126628 167956
129402 171206
129963 171893
131231 173285
131343 173513
132366 174695
132479 174927
132908 175480
133017 175704
133300 176106
133652 176589
134053 177119
134418 177600
135963 179623
136277 180063
136392 180299
136752 180785
136886 181054
137468 181771
137584 182011
137697 182248
137828 182508
138781 183590
138896 183831
139575 184623
139691 184866
139807 185109
140172 185603
140290 185852
140405 186095
140521 186340
140648 186599
140770 186856
140890 187108
141009 187358
141117 187585
141226 187814
141553 188398
141805 190189
142057 190559
142320 190955
143669 193456
144017 194402
144130 194608
144238 194799
144351 195000
144470 195213
144963 195859
145069 196251
145382 196693
145495 196935
145622 197184
145730 197412
146393 198292
146512 198601
146626 198846
146740 199091
147258 199755
147652 200410
147778 200747
147946 201220
148282 201655
148416 201880
149900 208258
150050 212398
151180 216636
151958 218291
152135 221754
153218 223965
154588 226945
154874 227373
154982 228435
155080 229166
155664 229912
156083 230467
156502 231644
156727 232060
157379 232853
157576 234568
157728 234831
157887 235135
157994 235388
158160 235687
158269 235931
158430 236222
158589 236512
158705 236762
158822 237007
159092 237414
159220 237681
160573 239339
160660 239581
160788 239832
160895 240160
161141 240590
161247 240894
162663 242480
162777 242726
163388 243472
163476 243733
163713 244397
163842 244613
164570 245620
164673 246286
165970 247708
166079 247944
166191 248269
166465 248678
167507 249851
167615 250090
167718 250320
167824 250556
167931 250794
168173 251156
168301 251872
169075 252767
169456 253722
170296 255470
170399 256217
171130 257259
171715 258137
172261 258845
172369 259083
172728 259587
173071 260062
173405 260555
173521 260795
174740 263884
175241 264507
175353 264739
176010 266253
176750 267198
176907 267479
177013 267710
177130 267973
178187 269161
178483 269593
178598 269842
178703 270083
178818 270332
178934 270583
179543 271326
179648 271560
179838 272071
180071 272446
181230 273807
181348 274052
181481 274347
181821 274832
182014 275152
182130 275397
182938 276332
184277 278215
185229 279307
186062 280654
186470 281532
186714 281914
187081 282344
187181 282511
188044 283675
188155 283860
188367 284405
188466 284574
188856 285462
189286 286269
189396 287515
189576 288876
190127 289539
190227 289762
190331 289929
190731 290495
191205 291257
191526 295683
191655 296362
191783 297028
191940 297391
192070 297679
192209 298941
192351 299236
192483 301473
192630 304319
192771 306709
192924 307221
193080 307571
193179 307866
193567 308450
193812 308934
193958 309238
194106 309546
194227 309815
194386 310138
194518 310422
194637 310687
194855 311246
195049 311582
195190 311874
195330 312164
195464 312442
195601 312746
195747 313068
195831 313372
197244 314864
198249 315940
198341 316058
198466 316335
198570 316486
198904 316943
199114 317388
199354 317996
199484 389624
200310 390650
200442 390918
201210 392456
201319 393384
201642 393829
201974 394345
202085 394683
208559 401637
208715 401961
209180 402497
209273 402576
209354 402677
209812 403159
210288 403807
210800 404397
211208 404899
211337 405122
212134 405888
212653 406868
212787 406982
212914 407079
213723 408215
214031 409143
214392 409714
214467 409803
214594 409900
215041 410327
215159 410400
215249 410476
215346 410554
215593 410790
215697 410882
215806 410983
215909 411068
216012 411153
216108 411384
216219 411723
219792 415316
219972 415566
220064 415786
220233 416174
220470 416644
220578 416942
220669 417066
220863 417442
220980 417682
221118 417926
221228 418168
221588 418726
221738 419675
221930 420249
222401 422074
222600 422513
222686 422667
222940 423384
223104 424025
223209 424408
tscaly/tspath.scaly
3234 3455
3477 3965
3845 4671
4289 5420
5665 6953
5880 7574
6354 8300
6462 8480
6548 9289
6964 9821
9578 12553
9673 12697
9980 13102
10242 13700
10422 14062
10643 14793
11006 17827
11097 17968
11853 18726
11946 19690
12055 19840
12370 20344
13350 22539
14061 27586
14541 28276
14637 29124
15896 30597
16036 31107
16145 31291
16287 31481
16445 31874
16536 32104
16765 32578
16977 33084
17224 34314
17450 35999
17572 36544
17913 38057
18181 39427
18580 40300
18745 40849
18918 41455
19051 42476
19240 42653
19382 42775
tscaly/parser.scaly
31368 31339
49099 51755
50468 53212
51120 56662
51579 57971
51674 58447
51903 58662
52007 58874
52171 59233
52272 59335
52483 59551
52624 59706
52787 59898
52889 60019
53051 60359
55014 62331
55540 62886
55923 63331
56116 63498
56232 63652
56319 63807
56862 64480
56943 64620
57233 65936
57672 66746
58188 67619
59037 68658
59569 69439
59838 69707
59932 69808
60736 70966
62625 73779
62865 74053
62954 74388
63620 77044
63725 77236
65544 79043
65656 79168
65762 79321
65917 79483
66113 79882
66250 80050
66395 80225
66519 80366
66637 80535
66794 80726
66930 80883
67060 81068
67229 81275
67377 81448
67519 81649
67922 82051
68614 82765
68737 82911
68891 83383
69514 84495
69836 85257
70080 85906
70190 86141
70319 86316
70672 86691
71067 87120
71675 88047
71959 88402
72989 89572
73075 89675
73161 89778
73806 91012
74528 91822
74724 92093
75673 93074
75976 93532
76382 94486
76629 95069
76930 103111
78732 111781
79352 114408
79773 115848
80809 116926
81248 117591
82998 124087
83815 125665
85047 131077
87416 133895
89851 136489
90427 137210
90956 138053
91474 139030
92190 140302
92538 140904
93085 146700
93707 148252
94453 150018
94950 150786
95166 155049
97993 159639
98634 160673
99160 161853
99379 163149
99488 163440
99598 164635
99715 165179
99832 165339
99929 165684
100019 165974
100119 166153
100249 166387
100343 166623
100606 166877
100721 167704
101216 168288
101320 171991
101416 172470
101532 172701
101666 173080
101766 173320
101872 173639
102041 174232
102950 175304
103064 175510
103179 175720
103309 176016
103442 176318
103570 176547
103698 176776
103839 177031
103977 177494
104092 177865
104201 177966
105351 180739
106307 182684
106423 183419
108786 187031
108901 187884
109653 194297
110503 195570
110621 196120
110735 197363
110851 198066
110961 198586
111087 198793
111198 199448
111312 200000
111967 201520
112080 203374
112799 204876
113081 205432
113297 205943
113953 210584
114073 212931
115389 214261
115549 214642
115670 215628
116180 216892
116302 217515
116889 219208
118642 220972
118809 225196
118898 225317
119286 225940
119400 226060
119560 226263
120422 227193
120700 227531
120819 227658
120961 227853
121651 228824
122712 229896
122868 230279
123983 231528
124361 232099
124456 232279
124587 234641
129442 240476
129771 240960
130048 241413
130183 241566
130668 244306
130866 244678
131175 245393
131291 246358
131653 248499
131989 249026
132431 252956
132661 255494
133044 255905
133360 256265
134602 259278
134916 261375
135006 262332
135123 264612
136216 275373
136896 277564
137046 279566
137154 280201
137297 281748
137739 282224
137836 282360
137938 282506
138056 282676
138224 283867
138408 285970
138703 287262
138815 288249
138929 288580
139042 289050
139162 289544
139280 290250
139576 291241
139725 291820
139993 292171
140091 292302
140233 292559
140364 292801
140820 293345
140924 293930
141051 295640
141174 296063
141643 297252
141742 297715
142520 298947
142839 303401
143384 304094
143500 306305
143631 306607
143832 311299
143965 311563
144175 313944
144385 315287
144897 316723
145067 320766
145188 321085
145446 321565
145579 322181
145693 322583
145799 322775
146733 325546
146852 326311
146941 326577
147245 331846
147369 332409
147493 332955
147618 333507
147740 337483
147857 337767
148018 338504
148140 339133
148253 339414
148546 342351
148892 344963
150193 346875
150295 347613
150402 352231
150579 352689
150687 353066
150791 353352
151122 353832
152227 355695
152414 360688
152573 361336
152748 362937
152860 363418
153189 364314
153551 364785
153675 365510
153963 366982
154222 367793
154323 368533
154439 368842
154538 369884
154903 371314
154997 372689
155102 373105
155199 373404
155470 373895
155604 374354
155712 374551
155826 374769
155976 375042
156114 375667
156268 376182
157086 377258
157178 377372
157268 377483
157397 379609
157894 380461
158041 380941
158471 381733
160143 384694
165765 390447
165872 390590
166179 390960
166287 391224
166588 391653
166699 393109
167231 393661
167362 393819
167498 394046
168356 395863
168507 397237
168826 397911
168952 398234
169427 398961
169537 399322
169665 399842
169985 400757
170313 403099
170627 407131
170863 407790
170954 408144
171042 408314
171509 408767
171623 408997
171835 409418
172015 410646
173167 412129
173997 413458
174674 414684
174792 415155
175588 416508
175711 417147
175830 417517
175953 417897
176266 418837
176536 419452
177336 420278
177479 420447
177645 421469
178319 424189
178923 424836
179286 425245
180786 426714
180883 427084
181858 429128
181997 429433
182118 429684
182228 430424
183331 433983
183649 434571
183789 435591
183902 436038
184019 436306
184137 438845
184255 439266
184567 439709
184681 441681
185091 443447
188275 446926
188435 448137
188600 451848
188991 452346
189147 453773
189486 454471
189624 455872
189906 456848
190625 460086
190847 460322
191004 461199
191134 461330
191277 462284
191557 463914
191718 464491
192975 465761
193550 466412
194105 467737
194345 472155
194874 473191
194974 473395
195278 473786
195366 473950
195481 474474
195611 475305
196003 475796
196109 475942
196226 476151
196517 476550
196640 476921
196939 481246
197268 481908
197771 482672
197885 482873
198218 485161
198446 485932
198676 486363
199369 489060
199601 490150
200369 492056
200640 493936
201354 495780
202369 501828
202760 502401
204401 507099
204532 507594
204644 507791
205144 508519
205395 508997
205735 509655
205848 512173
205968 512507
206734 515558
207215 516152
207523 516524
207610 516675
207725 516889
208247 519295
208527 519680
208655 519909
209048 521318
209273 523649
209473 523926
212666 527205
213068 528570
213369 530107
213682 532037
213908 534554
214208 535265
214320 535592
214748 536112
214856 536884
214959 537018
215070 539875
215321 540538
215710 542071
216104 543971
216215 544817
216782 546025
217015 547311
217127 547952
217384 550116
221714 558092
222088 558949
222193 559393
222314 559607
222446 559846
222560 559981
222685 560204
223098 560680
223241 560880
223513 561569
223633 562019
223758 563202
224313 563860
225408 565446
225615 566941
225731 567352
225844 567866
225960 569329
226995 573924
227093 574105
227263 575172
227574 576139
228261 578560
228377 579606
228783 580095
229172 581631
229589 582539
229805 586272
230132 586831
230245 587346
230595 588216
230871 588591
230986 588753
231101 588956
231403 589422
231890 590049
231993 590189
233376 591815
233487 591911
233742 592218
234271 593037
234393 596796
234525 601737
235471 602808
236078 603680
236790 609301
236916 613849
237733 623487
237840 629067
238128 630048
238427 632294
238553 632695
238678 633150
238802 633702
238902 634315
241226 637030
241449 637399
241549 637538
241667 637754
241784 638010
241899 638161
242026 638406
242427 638893
242556 639126
242684 639357
242819 639600
242935 639807
243061 640034
243199 640285
243323 640506
243429 640702
247164 644517
247279 644673
247387 644973
247868 645787
248231 646474
248673 647226
249638 650551
250599 662226
254821 666466
254959 666849
255264 668169
255475 668688
255578 668774
255679 668864
255820 668986
256144 669535
256603 670302
256714 670627
257007 671303
257330 672009
258922 678267
259640 680424
262121 684442
262380 684986
262543 685631
262666 685908
263531 691217
264016 693770
265585 698449
265828 698850
265942 699139
266049 699449
266338 700115
266578 700622
266853 701135
266963 701455
267218 702180
267618 702924
267878 703551
268129 704040
268213 704671
268378 704998
268675 705550
268815 705815
269083 706119
269210 706307
269321 706839
269429 707037
270472 708126
270603 708542
271215 709762
271397 710071
272041 711275
272521 712166
273744 715861
274626 727221
275083 727963
275213 728196
275469 728747
276171 730949
276922 735694
277371 736591
278085 745833
278593 747376
278916 748584
279262 749587
279633 750174
279946 751368
280143 751762
280583 752913
280901 753777
281704 755997
282138 757961
282486 758541
282717 759318
283054 760286
283414 761718
284145 762903
284336 763406
284524 763893
284710 764411
285128 765567
285246 766360
285387 766912
285995 768347
286487 774043
286629 775309
287007 776210
287197 777224
287387 777995
287678 778885
287813 779063
288400 781404
288543 782991
288872 784306
289006 784921
289196 785628
289747 786817
290064 787849
295007 793053
296604 794737
298816 797139
299047 797456
299448 797924
299615 799067
299915 812046
300286 812573
300819 813780
301140 814466
302341 815793
302456 816050
302580 816388
302855 816883
303169 817499
304440 818952
305252 820500
305809 821388
305958 821624
306196 822895
306365 823159
306653 823707
307145 825142
307403 826007
308006 826951
308133 827249
308416 828897
308893 832104
309871 833425
310397 837161
311157 843135
311479 845005
311834 846645
312053 847285
313341 848684
313456 848964
313638 849280
314636 851345
315016 851970
315860 852804
316141 853609
316244 853830
316348 854053
316466 854450
317384 856182
317558 856366
318033 856911
318184 857237
318999 858153
319138 859014
319284 859571
319750 860998
320401 864224
320915 865327
322028 866437
322358 867185
322521 868340
322935 870495
323246 871454
323485 876413
323682 882499
324064 885539
324190 888649
324403 889012
324523 891465
324650 893147
324931 894978
325620 898742
325845 899249
326240 901124
326742 901664
328969 903979
tscaly/binder.scaly
14458 14598
28168 28345
28608 32473
29273 33419
29354 33490
29444 33567
29724 36793
30541 37805
30742 38052
30847 38168
30954 38288
31314 38750
31990 39777
32757 41678
32979 42180
33241 42661
33436 42994
33580 43210
33974 43738
34284 44208
34908 45535
35032 45837
35944 46849
36070 46938
36167 47025
36674 47519
36771 47629
36910 47767
37021 47905
37116 48000
37321 48209
37456 48357
37613 48542
38619 49745
39196 50389
39324 50609
39437 50729
39617 51126
39801 51635
39917 51910
41161 53183
41467 53603
42801 54980
42958 55678
44104 56829
44217 56981
45015 57777
45697 58533
46619 59573
47046 60444
47156 60587
47646 61413
48249 62837
49874 66668
50968 67778
51357 79303
58481 86707
58587 87766
58762 88136
60561 90131
60708 90515
61494 114898
62682 116063
64359 119925
64543 139853
64926 140413
65884 141415
65990 141747
66107 142132
66250 142881
67640 144695
68342 145629
68574 146113
69098 147350
69317 147820
69848 149874
70127 150496
70410 151425
70518 152174
70891 153486
71835 155281
71943 155992
72588 156900
72699 157109
72829 157284
72962 157466
73752 158705
73877 159064
74309 159687
75349 163835
75684 165381
76241 167793
76743 168579
76878 168809
77338 169624
77750 170659
78114 171709
78482 172144
79251 173616
80153 176774
81048 178813
81319 179248
81582 180563
81921 181360
82183 182345
83205 184980
83469 185338
83626 185589
84280 186867
84858 188294
85110 189127
85375 190021
85685 190481
85814 190857
86355 191737
86987 192691
87467 193701
88238 194542
88351 194733
88468 194971
88875 195681
89662 197629
90091 198718
90229 200190
90363 200855
90718 203189
91140 204198
91347 204665
91583 205054
92105 205681
92450 206218
92684 206633
92862 206956
92964 207266
93359 208424
93560 208899
93870 209872
94283 211228
94645 212047
94900 212377
95031 212520
95417 213349
95678 213712
95913 213953
96327 215278
97208 220958
97284 221178
97356 221400
97440 221841
97722 222637
98125 237022
98252 237139
98467 237520
98878 237974
100269 239332
101549 241347
102008 242919
103812 245232
104240 245929
104390 246175
105243 246972
106012 257718
107916 261740
108293 263450
108633 264995
109307 270326
109540 270779
110096 284574
111546 286146
111997 286864
112397 287376
113167 288595
114109 294442
114575 295144
114851 295555
115269 298947
115373 300007
115478 300284
115674 301241
116025 301873
116557 304783
117282 305880
117957 306831
118758 307623
119009 307866
119117 307973
120142 309531
120883 310704
121946 312217
123520 315333
124269 316097
125156 317368
126153 319768
126828 320820
127770 323125
128440 324074
129424 325542
130664 327976
131114 329003
131888 330135
132893 331999
133605 332829
134560 334790
135362 336594
135681 337022
136064 337484
136857 338963
137754 340953
137944 341283
138604 341960
138958 342791
139069 343672
139494 344469
140262 349804
140721 350626
141653 352140
141908 352634
142068 352951
142192 353206
142523 353689
144024 355374
144390 355916
144874 356873
145381 362697
146128 366969
146530 368076
146805 368391
147007 369727
147297 370308
147702 371222
153687 378636
154047 379097
155703 382883
157340 385057
159065 387554
160317 389228
160680 394136
161022 394582
161593 395261
162292 396075
162889 396684
163201 397320
163689 398005
164135 399490
164636 400185
165002 400758
165109 401107
165234 401351
165985 402264
166092 403845
166208 404143
167181 406325
167663 408361
167895 408985
168605 410188
168707 410762
168821 411000
169499 411823
169841 412379
170332 412904
170456 413350
170766 413714
171083 414349
171652 415098
172127 415690
172828 417230
173169 417891
173283 418040
173778 419155
174452 420441
174573 420579
174896 421315
175018 421445
176478 423933
176714 424531
177218 425025
178563 427555
179371 428974
179511 429258
179648 429636
179948 430643
180052 431219
180396 431847
181483 433679
183797 438518
183892 439462
184017 440028
185596 443148
186615 444698
tscaly/semver.scaly
1048 1039
1166 1152
1284 1269
1401 1707
1805 2412
2434 3106
2597 3251
2792 4293
2923 4769
3004 4845
3086 4994
3237 5513
3404 6569
3493 6817
3650 7099
3893 7843
4087 8467
4374 10557
4531 11221
4671 11421
4856 12509
5024 12917
5260 14576
5354 14770
5501 16759
5619 16955
5854 18217
6130 22262
6239 22456
6331 22631
6478 23007
6666 23834
6823 24370
7062 28160
7232 28579
7387 29081
tscaly/addressindex.scaly
527 498
903 874
1227 1292
1325 1499
1410 1760
1566 2297
1744 2621
1821 3229
1873 3982
2642 4783
2716 4854
2865 5010
2955 5468
3079 5579
3161 5670
3243 5742
tscaly/program.scaly
7243 7558
7346 7775
7453 8002
7557 8104
7739 8855
7933 9167
8189 9769
8415 10472
8565 10818
9826 12050
18420 21457
18543 21993
18725 23051
19050 23761
19172 24708
19279 25183
19388 25520
19507 26016
19614 26347
19861 27038
19967 27364
20087 27895
20219 28237
20533 28793
20806 29495
20947 29705
21090 29951
21281 31042
21397 31270
21576 31666
21696 31762
21813 31853
21971 32098
22058 32254
22204 32555
22283 32637
22404 32730
22527 32827
22677 33047
22781 33500
22955 33934
23028 34050
23188 34410
23380 35588
23561 36226
23657 36604
23767 37019
23977 38847
24171 39706
24296 40408
24410 40530
24536 40676
24835 42300
25083 42963
25475 43733
25894 44646
26202 45422
26441 45980
26678 46308
26848 46741
27017 47149
27199 47793
27437 48163
27639 48512
28212 49675
28371 49786
28513 49984
28602 50068
28696 50162
28770 50234
28886 50317
29014 50957
29108 51042
29203 51130
29298 51218
29383 51294
29493 51389
29579 51468
29692 51570
29821 51679
29948 51832
30276 52447
30597 53054
30741 53337
30852 53748
30968 54794
31167 55065
31392 56693
31591 57591
31756 59414
31863 59932
32737 60931
32842 61261
33008 61750
33268 62565
33471 63310
33695 64624
33759 65142
33843 65503
33943 66711
34053 66822
34295 67452
34435 69569
34579 69775
35398 70881
35471 71044
35742 72369
35857 72479
35954 72601
36122 73025
36314 73371
36516 74541
36870 75034
36943 75182
36998 75469
37050 75525
37152 77350
37252 77627
37355 79087
37457 80026
37662 83118
37804 83976
37892 84772
38952 85901
39386 86963
39714 88895
43865 94886
44099 95236
44176 95300
44370 96554
44460 96710
44567 96926
44691 97180
44832 97472
44990 97802
45154 98729
45339 99193
45400 99585
45507 99719
45804 102214
46325 104371
46774 108121
46963 108465
47215 108894
47435 109246
47679 109729
48050 110403
48213 110685
48422 112103
48698 115941
48806 116292
49017 116782
49286 121005
49493 121261
49768 124325
50137 125035
50477 126046
50680 126456
50785 126879
50952 127333
51062 127729
51350 128759
51545 129139
51756 130318
52030 130843
52211 132257
52411 133759
52660 135398
53055 139062
53458 147372
53797 148101
54082 149046
54270 151183
54396 151655
54661 152521
54951 152961
55092 153735
55302 154272
55662 154730
55869 155326
56077 156270
56323 157740
56563 158201
56790 159053
57061 164188
57301 165517
57397 165737
57687 166177
57905 168678
58294 169538
58562 170375
58930 171172
59326 172398
59596 173546
59767 174233
60043 175396
60336 179154
60614 180616
60996 183159
61137 184097
61660 186977
62014 188563
62173 189115
62353 189663
62521 190249
62756 190693
tscaly/buildinfojson.scaly
1268 1351
1371 1514
1491 1657
1602 1800
1714 2039
1884 2309
2030 2480
2181 3179
2294 3293
2408 3539
2770 4034
2862 4265
2983 6365
3163 7537
3409 8929
3497 9607
3808 10153
4032 13618
4270 14860
4407 15064
4524 15381
4645 15705
4761 16863
4916 17138
5038 19076
5166 19871
5297 20960
5427 21406
5558 21901
5698 22665
5846 24282
5969 25295
6095 26774
tscaly/tracing.scaly
3427 4276
3649 4838
4147 5375
4296 5610
4408 5720
4608 5892
4802 6069
4920 6538
5210 7647
5398 8932
5502 9435
5878 10047
6004 10357
6156 10716
6421 13625
6575 14038
6715 14329
6821 14694
7149 15590
7292 16209
7513 16673
7676 17002
7919 18788
tscaly/TsOptionDecls.scaly
4375 15058
4486 22000
4546 22067
4727 22241
4892 22775
5002 23172
5134 24382
5269 29693
5398 35029
5614 41173
5814 46991
5996 54746
6184 61567
6314 65861
6433 66260
6558 66409
6635 66459
6752 66917
6837 67253
7008 67386
7124 67491
7262 67618
7403 67990
7538 68397
7760 68837
7966 69333
8154 70060
8348 70559
8484 70889
8609 71003
8740 71119
8817 71169
8934 71571
9019 71907
9190 72200
9306 72305
9444 72473
9585 72888
9720 73295
9942 73829
10148 74305
10336 74776
10530 75272
10666 75397
10791 75511
10922 75665
10989 75751
11063 75844
11143 75943
11241 76060
11383 76210
11532 76374
11606 76473
11881 89727
12165 96587
12523 110061
12812 110325
12886 110417
13082 110623
13346 113808
13574 116419
13814 119095
tscaly/tsoptions.scaly
3188 3233
3262 3305
3378 3388
3475 3477
3577 3767
3728 4002
3901 4330
4051 4615
4275 5059
4471 5782
4806 7807
5098 9082
7949 12842
8168 14754
8306 15148
8453 15838
8643 16812
8740 16915
8844 17024
9133 17859
9313 19822
9488 20230
9622 20822
9763 21231
9967 23805
10202 24438
10312 24807
10409 24989
10544 25291
10651 25881
11061 27039
11231 27749
11363 28374
11868 30445
13425 32162
13532 32296
13885 32939
14014 33410
14339 34114
14870 36356
15083 36838
15213 37075
15290 37308
15379 37602
15482 37749
15562 37967
15767 38361
15853 38590
16018 38955
16129 39063
16286 39720
16459 39994
16647 41322
16846 41833
17076 42375
17280 43095
17523 44289
17743 45134
17931 45633
18116 45988
18366 47008
18700 47360
18791 47527
18881 47670
19100 48287
19214 48632
19535 50211
20004 52352
20348 57927
20513 58609
20652 58843
20810 59314
21036 59882
21134 60369
21360 60837
21731 61358
21970 64209
22209 65001
22595 65925
22826 66258
23092 66766
23301 68199
23601 69859
23871 70465
24083 71022
24222 71501
24387 71768
24694 73602
25242 75716
25682 77660
26169 79410
26505 81468
26833 82621
27280 84595
27618 86706
28055 95048
28265 95535
28437 95800
28677 97401
28787 97657
28986 98318
29095 98683
29208 99053
29408 99558
29676 100096
29897 102041
30025 102491
30280 103871
30793 108960
30912 109262
31167 109797
31317 110204
31443 110339
31654 111351
31820 112249
31973 112498
32118 112851
32345 113575
32468 114142
32715 114866
33091 116312
33428 117208
33945 119282
34222 120725
34398 121725
34633 122805
34896 123568
35172 125622
35274 126181
35383 126686
35531 126974
35964 128777
tscaly/HashCheck.scaly
1267 2541
tscaly/NumCheck.scaly
1808 3537
tscaly/ArithCheck.scaly
1546 1870
1893 2876
1983 5144
tscaly/PathCheck.scaly
1510 3072
tscaly/TokenDump.scaly
1313 2110
tscaly/AstDump.scaly
1949 3160
2049 3840
tscaly/JsDocDump.scaly
1429 1551
1592 2499
tscaly/SymbolDump.scaly
3049 3093
3712 5158
4255 7285
4347 7465
4437 7610
4599 7732
4868 8898
4997 9372
5063 9546
5434 10118
5524 10557
5928 13984
6325 15272
6522 16030
6607 16647
7457 19389
7602 19594
7738 19938
7895 20295
8171 22052
8363 22660
8796 23776
8878 23959
tscaly/FlowDump.scaly
3520 3569
4100 4708
4452 6642
4546 6824
4815 8448
5715 10054
5947 13229
6041 13480
6137 13765
6233 14002
6615 16045
tscaly/checker.scaly
45972 46147
72661 73627
76260 77404
83283 84585
87238 88801
92808 94424
93158 94828
93490 95213
94036 95812
94810 96640
96395 98356
98519 100567
99771 101941
100565 102854
102460 104951
102604 105284
103045 105818
109989 112890
111173 114160
112511 115551
113198 116287
120366 123560
124856 128103
125037 128338
125947 129363
132280 135861
134358 138018
134946 138705
135441 139259
135677 139634
138045 142198
139042 143481
146708 151132
146993 151698
153421 158650
187278 192528
188530 193795
189148 194426
242073 247336
242577 248425
245154 250987
246023 252269
253830 260424
256279 263137
259513 266388
262625 269785
285868 293187
296843 304160
297145 304461
297337 304651
297382 304694
297441 304751
297500 304808
297550 304856
297601 304905
297660 304962
297697 304998
297812 305111
297880 305178
298149 305446
298204 305500
298267 305562
298320 305614
298458 305751
298597 305889
298645 305936
298701 305991
298826 306115
298875 306163
298995 306282
299117 306403
299332 306613
299379 306655
299438 306713
299490 306764
300612 307857
425495 433998
425675 434328
426248 436094
426887 439082
427424 441042
427746 443558
427970 445391
428804 446268
429508 474427
429639 474553
429752 474658
430545 475450
430643 475628
430726 475874
430857 476637
430938 476708
431143 476900
431877 477663
431968 477741
432095 477831
432193 477919
432649 478378
433783 479518
433891 479615
433987 479716
434106 480041
434286 480227
434402 480611
434512 480813
434685 480989
434798 481419
434905 481612
435078 481788
435191 482212
435298 482405
435471 482581
435584 482955
435691 483152
435865 483331
435980 483766
436089 483965
436177 484054
436288 484518
436446 484679
436559 485105
436717 485266
436830 485702
436988 485863
437101 486343
437256 486500
437368 486881
437596 487128
437778 487315
437893 487813
438027 488025
438178 488235
438300 488442
438780 489377
439330 490099
439511 490331
439692 490513
440321 491301
441021 493461
442243 494736
442759 496220
444249 498955
444726 500503
445408 504890
445634 505159
446599 506334
447019 506808
447143 506925
447242 507055
447334 507220
447431 507391
447554 507590
447661 507774
447766 507954
448112 508446
448243 508721
449011 509910
450331 512954
450426 514132
450533 514747
450624 514901
450868 516369
450963 517550
451302 518581
451410 518897
452019 519582
453330 521423
453656 522021
453977 522950
454423 523473
454529 523661
454639 523857
454822 524286
455256 524795
455392 525076
455500 525262
455634 525542
455743 525730
455878 526012
455981 526188
456110 526458
456217 526642
456350 526920
456458 527106
456592 527386
456708 527588
456850 527884
457223 528349
457371 528663
457596 528993
457743 529318
458045 529699
458126 529965
458302 530310
458774 530869
458893 531074
459010 531288
459090 531564
459238 531872
459382 532185
459889 533036
460303 533536
460657 534246
460971 534904
461253 535536
461533 536236
461825 536958
462549 537928
462729 538345
463163 538796
463355 539980
463847 540724
464276 541522
464612 542536
465128 544306
465285 544463
465589 545053
465748 545262
466103 545954
466410 546639
466717 547330
467071 548022
468915 549887
469149 550916
470343 552237
470989 553145
472538 560391
473079 560966
473222 561074
473857 565983
474212 566807
474791 567394
475746 568548
475882 568841
476399 569435
476513 569626
476651 569922
476790 570214
476902 570409
476995 570588
477319 570998
477430 571108
477565 571230
477673 571432
478132 572060
478860 573176
479981 576294
481237 582814
481767 583643
481950 584012
482276 585273
482591 586491
483087 588227
483405 590528
484079 591242
484700 591906
485067 592776
485270 593197
485374 593343
489022 597416
489233 603432
489452 603722
489561 603904
489713 604219
489896 604613
490430 605673
490944 606605
491106 606967
491253 609492
491488 610571
491696 612369
491987 613543
492336 614730
492472 615170
492638 616039
492817 616796
492959 617342
493377 618315
494426 622618
494839 623225
496040 625987
496138 626282
496676 627709
497357 632960
498081 634169
498279 634567
498499 634884
499058 635921
499260 636469
499458 637064
499591 637680
500686 639194
500842 639659
501073 640171
501331 640750
501605 641371
501835 641954
502146 642652
502312 643153
502806 643991
502976 644505
504405 646455
505468 655318
505934 655784
506195 656356
507273 658266
508408 660172
509268 663582
510433 666442
511760 673332
511920 673803
512127 674338
512355 674695
512491 675484
512694 675919
512932 680056
513181 680525
514649 684049
515702 685703
516165 686621
516308 687119
517202 688182
517727 690233
518096 691020
518792 692400
518898 693198
519126 693664
519773 695959
520525 699633
520656 700023
520924 700435
522987 703197
523233 711102
524708 715684
526437 720111
527121 725416
527451 725959
531398 731422
531540 732722
531812 736391
532045 736693
532408 737698
532833 738728
533200 740394
533496 740588
533756 740833
534885 743748
535337 745025
536106 747774
536372 748483
536792 749128
537142 750029
537431 750358
538142 752548
538561 753128
540256 772072
542373 774861
543226 776621
543463 777157
543541 777364
544493 781109
545507 785552
546596 788181
548337 794393
549365 795449
549674 795945
550492 798531
551573 802065
551873 802819
553346 805216
554318 806315
554418 806640
554899 807463
555231 810729
555376 810897
555520 811063
555954 812286
557007 813977
557243 814722
557378 815506
559093 817989
559495 818355
560075 819693
561027 822282
561326 822525
562417 825778
562760 827737
563160 828551
563696 830704
564114 831087
566305 859566
566475 860343
566707 861167
567625 862709
568020 863259
568262 864075
568684 864463
569978 866008
570994 872129
571905 874121
572161 874295
572688 875836
572952 876604
573140 877092
573397 878458
573748 879210
574476 880718
574740 881622
575875 883890
576179 897736
578275 905195
578789 905774
579374 907482
580291 908632
580508 909603
580972 911529
581490 913434
581754 916065
586848 923361
587236 923770
587327 924379
587963 925499
588861 929175
589663 933971
592970 939011
594240 940555
596552 947819
597994 949598
598770 951193
599989 952561
600282 954166
601474 956410
602694 959068
603038 959474
603828 960365
605721 962830
606134 963411
607139 969996
607410 971147
608200 973528
608916 974747
609946 980495
610744 982056
611054 982313
611314 983262
611598 984125
611919 985077
612197 985608
612324 985938
613093 986904
614871 988599
615146 993484
615816 995164
616627 999670
616962 1000464
617907 1002214
618392 1004868
618960 1007842
619375 1008566
619856 1009554
620474 1010186
621775 1013885
622754 1015364
623483 1016182
624493 1017310
624704 1017591
624950 1029311
626044 1035952
626306 1036336
626642 1037005
627259 1038024
627910 1039035
628587 1039837
629588 1042511
630823 1043949
631564 1045052
631716 1046011
632306 1047295
632874 1050011
634823 1051973
634954 1052254
635045 1052492
635138 1053017
635265 1053524
635347 1053799
635445 1054040
635541 1054277
635636 1054519
636054 1055279
637640 1057640
637759 1057879
638201 1060712
638446 1061598
639618 1066368
641264 1071112
642118 1071913
642446 1072946
642597 1073136
643107 1074366
643380 1074839
643721 1076039
645507 1083138
645798 1083375
646284 1092613
646526 1093515
647512 1094884
648247 1096465
649042 1097402
649557 1098429
650124 1099947
650431 1100732
650575 1101108
651986 1102602
652636 1103452
653528 1104413
653666 1104758
654270 1105311
654603 1105787
654877 1105979
655125 1106447
655958 1107532
656125 1107863
656335 1108253
656485 1108526
656695 1109108
659627 1112864
659843 1116301
660567 1117850
661933 1122856
662392 1123984
662688 1124469
663029 1125864
663745 1128591
664326 1130039
664446 1131456
665042 1132748
665198 1133018
665908 1133907
666245 1134391
666984 1135443
667286 1136439
670219 1139901
670394 1140183
670777 1140938
671037 1141670
672802 1149287
672961 1150037
674737 1152620
674932 1156670
675383 1157512
675839 1158409
676316 1159404
676751 1160440
676901 1161561
677034 1162071
677720 1166289
678368 1180716
678726 1181809
679075 1184711
679335 1185167
679681 1186373
679852 1186913
680066 1187473
680427 1191733
680603 1192683
680737 1193043
680856 1193440
680984 1193765
681099 1194020
681300 1194235
681624 1195597
681807 1196185
682207 1196635
682345 1197473
682457 1197829
682555 1198065
682708 1198313
682897 1198871
683097 1200223
683385 1201017
683652 1202590
683820 1202942
683999 1203292
684172 1203560
684288 1204061
684398 1204186
684681 1204525
684917 1205649
685304 1206570
685700 1207256
686114 1207989
686267 1208431
686508 1208611
686739 1208994
687239 1209585
687432 1209728
687720 1210319
688051 1210960
688211 1212760
688521 1213895
689117 1216230
689526 1216973
689753 1217415
690359 1218621
690631 1218963
691462 1220187
692186 1221458
692493 1222621
692712 1223734
692873 1224218
693496 1224770
693757 1226282
693948 1226832
694172 1227146
694468 1227525
694617 1227715
694912 1229080
695338 1230029
695553 1230611
695860 1231964
696578 1232728
696742 1234374
697184 1234884
697338 1235257
697591 1235540
697715 1235870
697945 1236510
698039 1236606
698410 1238104
699020 1242702
699158 1243147
699326 1243455
699663 1244445
700072 1245170
700283 1245807
701030 1248308
701351 1249173
701782 1252136
702413 1254867
702814 1257070
703369 1260851
703562 1261310
704186 1267550
704734 1268202
705238 1269876
705708 1270875
706302 1272436
706496 1272936
706741 1273243
706988 1273710
707314 1278916
707700 1280993
708201 1282179
708385 1283301
708792 1285433
709060 1285851
709332 1286426
709610 1287012
709888 1287645
710166 1288988
710484 1290438
710764 1290804
710979 1291107
711224 1292202
711495 1292662
711708 1293180
712086 1295264
712290 1295727
712809 1298307
712969 1298586
713130 1299080
714321 1304883
714573 1305555
715187 1308886
715812 1309768
716144 1310383
716871 1316436
717098 1316814
717522 1318334
719166 1320856
719390 1321136
719514 1321347
719715 1323354
719978 1324164
720233 1325298
720497 1326039
720838 1326486
720967 1327178
721086 1327383
721189 1327646
721318 1327929
721561 1331366
721984 1332694
722515 1333338
722703 1334892
722946 1335339
723296 1336770
724153 1338007
724311 1344813
724690 1346645
724886 1347112
725272 1347942
725428 1348278
725647 1349226
725965 1351811
726189 1353627
726500 1355895
726929 1364479
727119 1365067
727282 1365828
727631 1367287
727971 1369214
728310 1370102
728615 1372120
729004 1372992
729233 1373737
729568 1374656
729813 1375082
730096 1375959
730550 1376411
730871 1379349
731334 1382939
731641 1383258
731969 1384076
732314 1384864
732940 1387503
733469 1389691
733906 1390674
734041 1391588
734587 1397188
734814 1399829
735200 1401135
735432 1403867
735883 1408770
736145 1409645
736509 1410076
736775 1410873
737099 1412043
737320 1412574
737570 1414369
737922 1415053
738130 1415602
738460 1417084
738620 1417430
739006 1418674
739196 1419258
739387 1420248
740117 1433779
740404 1435297
740609 1437020
740976 1438010
741326 1444100
741583 1445079
741831 1445694
742070 1446236
742260 1446607
742442 1446909
743358 1449088
744437 1451815
745011 1453403
745575 1455434
746663 1457206
746793 1458535
746938 1462185
747606 1468836
749048 1471011
749484 1471882
749916 1472834
751910 1481914
752088 1482460
753199 1485839
753722 1487533
754002 1488115
755056 1496583
755494 1498089
755847 1500230
756298 1501245
756579 1502003
757060 1502898
757255 1503453
757360 1504115
757885 1507153
758581 1509611
758817 1511033
759312 1514499
759480 1514753
759657 1515281
760759 1522418
761734 1524330
761842 1524547
762204 1525184
762602 1526449
762714 1526776
763023 1527780
763779 1528725
764189 1529352
764502 1529850
764617 1530931
764719 1531798
765031 1532388
765133 1532599
765663 1533242
768576 1542396
768841 1542925
769514 1547109
770219 1555073
770363 1555452
770579 1556009
771704 1564300
773420 1570720
773875 1572060
774570 1576479
776176 1581973
776600 1582387
779862 1586365
782779 1589702
783015 1594590
783398 1601902
784176 1604212
784685 1605702
785191 1607072
785771 1609616
786120 1610534
786295 1610756
786723 1611417
790106 1616312
791823 1618286
791964 1622355
792319 1622950
792389 1623063
792510 1624318
793319 1625210
793479 1625468
794154 1626432
794509 1626843
794705 1628455
795256 1629228
795564 1630371
797041 1633488
797392 1634059
797890 1635781
798348 1637495
799048 1638253
799237 1638678
799749 1640309
800163 1641798
801130 1646215
802380 1651389
802631 1652215
803140 1653296
805066 1655201
805292 1665156
805813 1666918
806231 1667779
807313 1668983
807631 1669572
809146 1674148
811734 1676701
811867 1676825
812008 1676931
812174 1677088
813021 1677900
813164 1678008
813263 1678072
813390 1678164
813504 1678243
814378 1679901
814478 1679992
814611 1680116
815016 1680789
815215 1680953
815910 1681613
818405 1684501
818834 1685488
818991 1686046
819753 1690076
820525 1691949
823429 1694917
823771 1695327
824312 1695951
824424 1696150
824563 1696446
824700 1696744
825134 1697263
825278 1697576
825377 1697744
825877 1698403
826387 1699192
827099 1700525
827314 1701315
827757 1701989
828365 1704390
830951 1718777
831503 1720389
832079 1722206
832179 1722468
832292 1722651
832405 1722834
832531 1723030
832657 1723226
832775 1723410
832894 1723595
833624 1724757
834234 1725801
834429 1726037
835038 1726781
835438 1727388
835991 1729678
836418 1732192
837350 1733199
837711 1735051
839156 1738178
839582 1740090
840062 1741698
840584 1743860
840745 1744070
840829 1745874
842138 1748456
844160 1760318
844444 1762080
844774 1762503
845203 1763558
846066 1767865
846332 1768621
846670 1780102
847305 1780797
847506 1780972
847951 1781487
848297 1781858
850024 1783577
850274 1789915
851201 1793932
851835 1795012
852305 1800606
852935 1801609
853253 1803612
853839 1805695
854488 1809535
854893 1810658
855275 1812335
855657 1813863
856040 1814981
856163 1815961
856500 1816798
856625 1817178
856955 1817530
857076 1817946
857942 1819296
858121 1819759
858251 1819929
858665 1821461
859009 1822535
859578 1823611
859845 1823868
860323 1824753
860635 1825265
860940 1825712
861390 1826248
861585 1826466
861759 1828969
861946 1829153
862230 1829512
862830 1830811
862929 1830979
863020 1831141
863396 1831578
863509 1831773
863621 1831966
863721 1832146
863843 1832346
863967 1832548
864075 1832733
864184 1832921
864294 1833111
864408 1833298
864517 1833486
864628 1833678
864736 1833873
864845 1834070
865128 1834437
865239 1834623
865523 1835066
865719 1835358
865861 1835668
865983 1835894
866130 1836217
866247 1836430
866389 1836740
866523 1837034
867123 1837768
868507 1839541
868711 1839676
868939 1842811
869318 1843610
869838 1845573
870292 1846682
870465 1846894
871257 1849051
871519 1849446
872043 1850975
872714 1851722
872826 1853649
873953 1858775
874282 1859473
874718 1860489
874937 1861130
875043 1861263
875856 1864409
876568 1869072
876984 1871915
877195 1872188
878558 1874077
879145 1875346
879843 1876434
879961 1876594
880236 1877141
880766 1878256
881375 1880209
881646 1880592
882021 1881392
882569 1882503
883548 1886287
884258 1889895
884773 1891184
884953 1891411
885371 1891932
885832 1893855
886500 1896190
886924 1896863
887014 1896967
887375 1898842
887517 1899132
887717 1899580
888044 1900056
889348 1902937
889764 1906947
890395 1909000
890927 1910140
891272 1911272
892538 1913396
892979 1915515
893299 1916000
893920 1918487
894866 1923811
895094 1924448
896154 1928616
896578 1929740
897150 1932949
897412 1933292
897604 1934806
899242 1940243
899536 1960981
900694 1963887
901173 1964804
901439 1965308
901781 1967073
902242 1967938
902627 1968565
903010 1969528
903199 1970300
903530 1971099
903901 1972083
904300 1973555
904511 1974296
905899 1976255
906103 1977733
906667 1979084
906904 1979512
907615 1980920
909075 1987271
909920 1988943
911191 2005316
912211 2006417
912442 2011326
912646 2012221
912905 2012733
913355 2013645
913664 2015378
913875 2016007
914012 2016788
914375 2019593
914516 2019833
914674 2020495
915158 2021440
915521 2026894
915802 2028059
919932 2032247
920137 2032603
920344 2032882
921108 2033634
921358 2034930
923704 2041949
924019 2042292
924154 2042578
924288 2042810
924434 2043075
924592 2043373
924762 2043704
925089 2044063
925242 2044364
925551 2044713
925706 2044875
925810 2044946
925999 2045317
926211 2045547
926616 2046419
926873 2046842
927036 2047076
927250 2047363
927392 2048280
927614 2048447
927908 2049048
928128 2050382
928504 2051782
928894 2052462
929025 2052573
929439 2053917
929796 2055645
929986 2055895
930133 2056259
930347 2056771
930644 2057129
930757 2058385
930893 2058567
931020 2058686
931159 2058887
931310 2059121
931473 2059388
931648 2059688
931796 2059836
931956 2060066
932128 2060329
932312 2060625
932508 2060954
932678 2061139
932860 2061406
933054 2061706
933260 2062039
933478 2062405
933615 2062567
933764 2062811
933925 2063088
934098 2063398
934283 2063741
934449 2063951
934627 2064243
934817 2064568
935019 2064926
935233 2065317
935375 2065458
935529 2065681
935695 2065937
935873 2066226
936063 2066548
936210 2066765
936369 2067015
936540 2067298
936723 2067614
936891 2067860
937071 2068139
937263 2068451
937467 2068796
937719 2069517
937923 2070786
938243 2071192
938454 2115503
939656 2117316
939901 2120639
940712 2124040
941481 2126500
941714 2127043
942787 2129437
943087 2129880
943416 2130542
944839 2132301
945291 2133088
945760 2133897
946721 2135250
947213 2135742
950662 2140302
952108 2142019
953877 2149581
954146 2150045
954414 2150451
954972 2151184
955199 2162152
955696 2162994
956220 2164056
959120 2175958
960703 2181557
961334 2182495
962306 2183845
963517 2190089
963922 2190685
964279 2191751
964789 2192504
964853 2192605
965299 2193702
965598 2194524
965771 2194708
965912 2194843
966089 2195725
966155 2195832
966844 2196535
966936 2196816
968652 2206649
970824 2210398
971167 2214386
972379 2220162
973754 2221714
974017 2227288
977707 2232065
981493 2236837
982180 2239098
982840 2242074
984003 2244750
984505 2245453
985014 2246637
985746 2247897
990006 2252192
990295 2253444
990581 2254266
991187 2256069
991376 2258010
991629 2260166
992114 2261372
992526 2262276
993212 2263542
993550 2264722
994200 2274307
994310 2274517
994535 2275870
994932 2276283
995575 2277573
995844 2278125
996100 2278606
996335 2279563
996723 2281884
997159 2283892
997310 2284279
997503 2286840
997956 2287313
998116 2290063
998360 2291109
998576 2291436
998801 2292509
999148 2293287
999370 2293926
999573 2294875
999742 2295563
999884 2296308
1000367 2298726
1000730 2300295
1001817 2303649
1003096 2307132
1003834 2308129
1004034 2308885
1004245 2309457
1004653 2310256
1005284 2312828
1006298 2314894
1007214 2316175
1007584 2317743
1008816 2320043
1009211 2323235
1009538 2324599
1009833 2325390
1010065 2326071
1010379 2326913
1010570 2327208
1010788 2327783
1011837 2329164
1012215 2329712
1012588 2330144
1013031 2331273
1014010 2334330
1014869 2335154
1015103 2336873
1015677 2338208
1017388 2349505
1018532 2353164
1018784 2353765
1019839 2355907
1021295 2369852
1022178 2371052
1023452 2373255
1023561 2373585
1023978 2374496
1024379 2375264
1025079 2377623
1025287 2378084
1033127 2386342
1033885 2388655
1034683 2393731
1034902 2394001
1035192 2394394
1037572 2398368
1037696 2398619
1037784 2400134
1038159 2404275
1038408 2405198
1038534 2406013
1039082 2406714
1039208 2407505
1039353 2408296
1039418 2408405
1040009 2411608
1040204 2412071
1040310 2412393
1040488 2413366
1040899 2414358
1041182 2415726
1041397 2416258
1042682 2423889
1042815 2424270
1043157 2429188
1043367 2429905
1043624 2430536
1044134 2434591
1044365 2435858
1044654 2437613
1044983 2437967
1045086 2438095
1045352 2438951
1045679 2439614
1046577 2445561
1046713 2445806
1047315 2446783
1047808 2447940
1048020 2451379
1048809 2454178
1049265 2455194
1049626 2455849
1050739 2458957
1051028 2459536
1051828 2463746
1052284 2465046
1053176 2466881
1053707 2467516
1054946 2470588
1055194 2470867
1055625 2471369
1056172 2472111
1056398 2472365
1056803 2472799
1057301 2473430
1057887 2474309
1060625 2482858
1060996 2483348
1061309 2485572
1061960 2486520
1062335 2487438
1063310 2488747
1063637 2489691
1063829 2490267
1065621 2492541
1066036 2493222
1066361 2493530
1068022 2514477
1068266 2514828
1068547 2515246
1068851 2515956
1070555 2526760
1070982 2527655
1071344 2528353
1071723 2528946
1073908 2539655
1075134 2542510
1075394 2543672
1075492 2544001
1075739 2544307
1076304 2545073
1076590 2550065
1076742 2551699
1077911 2553164
1078547 2554012
1079724 2555739
1079892 2556028
1082075 2560145
1082386 2560683
1085304 2564369
1085671 2565052
1086654 2566212
1087020 2567593
1087533 2570209
1093711 2592175
1097604 2596580
1097702 2605131
1100507 2614976
1103434 2617854
1105156 2620006
1105362 2620541
1106806 2634739
1107841 2639199
1107992 2639794
1108771 2641775
1109112 2642399
1110328 2645984
1110510 2646368
1111858 2647674
1115239 2651930
1115418 2652351
1115533 2652728
1116357 2654177
1116757 2655589
1116915 2655866
1117732 2656715
1118370 2660064
1119469 2663562
1119689 2664807
1121623 2670150
1122864 2672530
1123990 2676418
1124225 2676797
1126288 2679131
1126460 2679406
1126817 2679762
1128291 2681579
1128804 2682324
1129178 2682977
1129553 2683586
1129961 2683992
1131221 2689072
1131627 2689560
1132297 2699141
1133535 2711799
1134041 2712277
1134173 2712538
1134297 2712684
1134417 2712829
1134540 2712974
1134646 2713204
1135292 2714333
1135898 2721023
1136071 2721241
1136547 2722336
1136704 2722982
1136978 2723294
1138039 2728196
1139371 2732028
1140771 2733860
1140986 2734280
1141273 2734796
1141586 2735335
1142367 2747067
1143041 2750840
1144713 2752629
1144957 2754250
1145461 2758557
1146803 2766122
1148900 2773469
1150251 2778161
1151243 2783299
1151549 2785115
1151914 2787475
1153507 2793093
1154888 2794481
1155121 2794870
1155521 2795596
1155765 2796177
1155985 2796549
1156422 2797597
1156551 2798229
1156828 2799662
1157038 2801018
1157355 2801271
1157611 2802012
1157730 2802297
1158151 2804069
1158584 2807933
1158948 2808951
1160041 2810363
1160208 2810845
1160757 2811756
1160940 2812042
1161846 2813621
1162079 2813783
1162336 2814055
1162611 2814306
1163494 2816378
1163938 2817981
1164698 2819251
1165358 2820428
1165808 2821345
1166426 2823014
1166766 2823682
1168312 2825546
1168705 2826716
1169405 2828416
1169902 2830176
1170493 2832876
1170660 2833349
1170925 2833699
1171052 2833886
1171151 2834064
1171284 2834275
1171468 2834701
1172476 2836983
1173478 2839636
1173758 2840142
1174589 2844934
1174926 2845763
1175522 2846566
1175771 2848084
1176041 2848404
1176296 2849478
1176466 2849828
1177366 2851903
1178038 2854287
1178384 2856026
1178675 2856743
1178893 2857259
1179268 2860910
1179798 2862437
1180564 2867691
1180875 2868552
1181183 2869972
1181511 2870785
1181790 2871663
1182256 2874175
1182395 2875014
1182697 2875461
1183066 2877603
1183452 2881006
1183780 2881732
1184138 2883471
1184407 2883821
1184784 2885542
1185043 2885800
1185514 2886706
1185727 2887911
1185885 2888872
1186324 2892851
1186782 2896727
1187108 2899910
1187549 2901454
1187783 2902183
1187894 2902789
1188467 2904829
1189061 2906582
1189289 2907306
1189854 2909806
1190112 2911401
1190378 2912048
1191011 2913072
1191336 2917048
1191726 2918325
1192173 2919953
1192540 2921803
1192883 2923680
1193137 2924515
1193415 2926152
1193712 2927448
1194237 2928608
1194381 2929212
1194961 2931993
1195402 2933459
1195749 2934832
1196294 2935599
1196550 2936681
1196921 2937276
1197190 2938218
1197499 2939902
1197722 2941517
1198509 2942678
1198724 2943269
1199008 2944308
1199516 2946668
1199842 2947608
1200154 2950655
1200598 2951684
1200950 2953395
1201330 2955150
1201574 2956337
1201881 2958382
1202201 2959343
1202585 2960832
1202995 2964265
1203547 2966318
1203870 2968219
1204250 2970057
1204791 2971512
1205014 2974586
1205155 2974748
1205439 2975464
1205660 2976659
1205830 2977363
1207088 2979007
1207318 2979272
1207527 2979517
1207770 2979949
1208073 2980370
1208270 2981372
1208462 2982095
1208778 2982645
1208886 2982835
1209085 2983352
1209458 2984223
1209667 2987615
1210045 2989315
1210373 2992001
1210745 2993287
1211121 2996108
1211564 2998360
1212024 3001988
1212812 3009063
1213109 3010213
1213654 3011975
1214137 3012426
1215189 3013456
1215597 3014087
1216368 3018384
1216612 3021272
1216794 3021970
1216991 3022465
1217242 3024545
1219571 3027143
1219740 3027429
1220157 3028312
1220701 3029968
1220915 3030229
1221234 3030900
1221695 3031801
1222601 3034528
1222965 3035559
1223684 3036970
1223867 3037553
1224095 3038361
1224313 3039666
1224852 3040392
1225115 3042704
1225362 3043949
1225613 3044448
1225918 3045705
1226549 3046944
1226839 3047851
1227101 3048527
1227407 3049034
1227638 3049431
1227957 3050211
1228754 3051574
1228916 3052708
1229169 3054013
1229435 3055638
1229792 3056553
1230057 3057681
1230404 3058970
1231175 3060401
1231360 3061458
1231508 3061747
1232337 3064786
1233301 3066204
1234932 3068264
1235274 3068990
1235501 3069794
1235638 3070085
1235896 3070979
1236077 3071594
1237689 3073744
1237878 3074520
1238937 3076501
1240827 3079247
1241479 3081166
1242000 3082286
1242190 3083387
1242992 3085392
1243399 3086911
1243934 3089094
1245626 3117204
1245825 3125519
1246823 3126586
1248596 3129322
1250378 3132061
1250798 3132514
1251716 3134110
1255108 3138208
1256553 3140397
1257402 3141761
1257931 3145832
1258245 3146653
1261222 3153458
1261817 3154600
1263077 3160894
1263968 3163510
1265406 3169102
1265980 3170771
1266962 3214235
1267219 3214726
1267693 3215399
1268141 3217101
1268556 3217886
1268947 3218686
1269202 3219192
1269291 3219341
1269386 3219566
1269479 3219809
1269818 3220272
1270069 3220611
1270681 3221550
1270902 3222255
1271084 3222676
1271875 3224004
1272541 3225043
1273851 3227835
1274223 3228524
1275201 3235942
1275948 3237593
1276895 3238963
1277225 3239841
1277444 3241593
1277608 3242915
1277894 3244448
1278159 3244996
1278624 3245970
1279906 3248937
1280071 3249541
1280304 3249852
1280617 3251620
1280768 3252252
1281409 3255305
1281634 3255929
1284753 3265599
1285150 3266232
1285840 3270275
1286043 3270948
1286232 3271396
1286862 3272491
1287225 3273232
1287457 3280214
1289079 3282452
1290739 3286257
1291672 3288326
1292196 3289735
1294875 3292335
1295095 3292467
1297251 3295105
1297978 3296881
1298198 3307378
1298871 3308997
1299311 3309567
1300207 3310779
1300996 3315329
1301193 3315881
1301387 3316438
1301658 3316778
1302097 3317346
1302580 3318361
1303058 3319127
1304017 3320012
1304237 3320176
1304616 3321858
1304906 3322284
1306494 3324461
1306743 3324634
1307834 3327200
1310605 3330907
1310896 3333471
1312831 3337266
1313116 3337965
1313456 3348268
1314185 3356349
1317617 3359828
1317800 3360058
1317912 3360217
1319292 3362765
1319471 3363211
1321910 3368816
1322088 3372066
1322331 3372425
1323914 3375112
1327337 3382015
1327447 3382144
1328165 3391962
1329122 3394746
1329443 3402675
1331515 3404935
1332200 3406430
1332958 3408944
1333428 3410272
1333911 3411991
1334599 3413177
1334743 3413519
1334929 3413892
1335110 3414284
1335749 3415030
1336100 3416100
1336552 3416693
1336828 3417121
1337537 3424038
1338593 3426677
1338848 3430615
1339099 3431240
1339648 3433547
1340438 3442889
1340836 3447439
1341204 3448199
1342564 3452554
1342825 3453215
1343472 3464769
1343877 3465478
1344033 3466026
1346575 3475690
1347125 3477574
1349493 3480722
1350016 3481688
1350350 3490026
1350734 3491076
1350854 3491309
1351643 3492514
1354799 3498335
1355019 3498707
1355124 3498827
1355224 3498942
1355633 3499574
1355893 3499748
1357862 3507298
1358159 3507613
1358674 3509931
1359141 3511397
1359986 3513822
1360914 3517420
1361694 3520006
1361985 3521128
1362271 3521670
1362504 3522695
1363858 3538617
1364557 3540189
1365440 3541886
1365733 3542106
1366077 3542927
1367084 3547398
1368141 3549075
1368543 3549787
1368890 3551215
1369514 3552027
1370474 3553231
1370718 3555208
1371056 3556503
1371358 3557376
1371892 3558132
1372139 3558683
1372868 3559500
1372998 3560274
1373101 3561611
1373415 3562185
1373536 3562519
1374579 3563594
1375719 3572864
1377054 3574802
1377276 3575664
1377433 3576125
1377591 3576595
1378147 3578692
1379401 3580724
1379633 3584467
1380027 3585096
1381397 3587467
1381731 3595271
1382672 3597151
1382968 3599049
1383473 3599585
1384011 3600119
1384433 3602347
1385345 3603502
1385478 3606231
1385985 3606754
1386321 3607504
1386422 3607920
1386553 3608870
1386670 3609303
1386941 3610172
1387163 3610698
1387383 3611010
1387931 3613758
1388271 3614829
1389619 3618308
1389822 3620363
1390827 3621588
1391295 3622513
1391632 3622953
1391871 3623586
1392313 3624780
1392618 3625211
1393019 3625668
1393188 3625887
1393438 3626265
1394139 3628895
1395748 3632113
1396138 3633093
1396636 3633926
1397309 3638472
1398041 3640995
1398155 3641195
1399023 3642680
1399454 3643750
1400265 3644940
1401169 3646036
1402526 3653605
1402909 3654881
1403258 3655536
1403625 3657813
1403860 3658380
1404229 3659165
1404493 3659550
1404960 3660972
1405196 3662597
1405406 3663608
1405922 3665725
1406535 3666916
1406915 3668046
1407065 3668557
1407738 3670219
1408029 3671127
1408303 3671339
1408625 3671663
1409140 3672186
1410819 3675010
1411984 3677545
1412483 3678480
1412825 3680059
1413335 3680614
1413504 3683581
1413663 3683728
1413895 3684605
1414102 3685396
1415748 3686959
1416314 3688811
1416689 3689978
1417531 3693264
1418077 3693951
1418644 3695913
1419135 3698432
1419450 3699205
1419932 3699933
1420302 3701336
1421430 3703701
1421831 3704487
1422122 3704978
1422420 3706778
1423090 3710689
1423692 3720621
1424111 3722673
1425658 3734779
1425935 3735093
1426348 3735967
1426547 3737883
1426687 3738489
1427551 3739854
1427756 3741029
1428192 3741972
1429200 3743173
1429440 3743715
1429806 3744568
1430026 3745404
1430397 3745948
1431155 3746681
1431551 3747182
1431802 3747483
1432597 3749021
1432769 3749517
1432925 3750917
1433393 3751483
1433918 3753331
1434175 3754084
1434435 3755263
1435416 3757756
1435852 3758703
1436625 3759418
1437313 3760530
1437807 3761773
1438877 3764963
1439227 3766919
1439510 3768008
1439780 3768675
1440006 3769146
1443624 3773011
1443865 3773292
1444439 3774562
1445480 3776577
1446768 3778958
1447249 3779425
1448532 3786352
1448762 3793313
1454571 3799267
1454893 3799670
1456147 3801503
1456332 3802022
1456527 3802231
1456594 3802379
1456941 3803179
1457047 3803386
1458955 3808683
1459324 3810003
1459540 3819855
1459973 3820454
1460283 3822067
1460690 3823165
1461359 3827140
1461907 3828901
1462489 3833633
1463120 3836329
1465056 3840670
1465478 3842153
1465692 3842708
1466060 3844041
1466569 3846152
1467268 3847812
1467554 3848161
1467780 3849963
1468057 3850708
1469275 3855251
1470160 3881485
1471030 3886832
1471458 3887383
1472249 3889657
1472691 3890476
1473674 3892488
1474208 3895114
1474535 3896764
1475110 3897736
1475291 3898052
1476044 3899091
1478419 3901442
1478759 3904556
1480376 3910457
1480748 3911382
1481263 3916156
1481676 3917402
1481840 3917607
1482073 3917975
1483924 3923194
1484331 3923959
1484777 3924999
1485064 3925415
1485363 3926311
1485977 3927032
1486140 3927313
1486585 3927821
1487342 3936108
1487885 3937045
1488103 3937582
1488233 3938124
1488440 3939486
1488989 3945643
1489132 3945902
1490258 3947381
1490623 3948247
1491060 3949936
1492186 3951104
1492711 3952075
1493120 3952704
1493366 3953117
1493616 3959003
1494098 3959888
1494520 3961018
1495508 3963585
1496179 3966609
1496612 3967041
1497614 3968692
1498216 3969422
1498409 3969724
1499183 3971095
1500244 3972865
1501076 3974046
1502399 3976877
1502676 3977990
1502958 3978330
1504569 3982441
1506141 3985179
1506652 3986153
1506850 3986504
1507356 3987169
1512482 3992565
1513175 3993446
1513331 3993733
1515250 4003376
1516128 4004324
1516236 4004539
1517044 4006310
1518639 4014458
1519770 4021219
1522124 4030231
1522412 4030760
1523669 4035334
1526714 4038639
1528743 4041093
1529312 4041665
1533341 4079473
1533775 4080353
1534611 4081868
1535228 4082421
1536384 4084520
1540543 4092421
1540686 4092713
1544321 4096643
1544653 4097341
1544892 4097817
1545040 4098066
1545282 4098471
1546679 4100683
1548521 4102795
1550797 4112296
1551602 4113554
1551750 4115276
1552925 4120351
1555028 4123903
1555370 4127415
1555799 4127983
1556140 4128614
1557245 4130042
1557419 4130851
1557715 4131895
1558389 4132537
1558775 4133019
1559198 4133431
1559410 4134055
1559563 4134506
1559909 4135246
1562332 4138672
1562569 4139139
1562700 4140861
1564114 4142252
1564960 4143042
1565330 4144019
1565705 4179015
1566202 4180383
1567621 4182158
1567782 4182642
1568206 4187143
1568748 4190287
1568989 4191092
1569250 4191841
1569694 4193861
1569950 4194603
1570310 4195948
1570687 4197209
1570983 4201095
1571319 4202052
1574170 4206189
1574441 4206463
1574566 4207027
1575034 4207531
1575218 4210011
1576192 4210996
1576317 4211143
1576776 4212391
1577319 4214804
1578619 4218675
1579019 4219438
1579245 4219971
1579628 4220934
1580190 4222004
1580551 4222287
1581879 4225593
1583161 4226901
1583338 4227197
1583524 4227513
1583674 4229120
1583826 4229515
1584317 4230458
1584579 4231010
1585447 4238044
1585878 4239728
1586346 4240255
1586536 4240774
1588272 4243532
1588534 4244008
1589297 4245401
1589698 4246631
1590286 4248663
1591395 4251156
1592264 4256026
1592706 4256781
1593148 4258071
1593908 4260540
1594337 4262860
1594765 4264914
1595267 4266545
1596932 4270510
1597851 4284426
1598234 4285243
1602278 4293980
1603511 4296075
1604310 4298511
1604810 4299247
1605550 4300100
1605827 4300679
1607011 4301861
1609078 4305066
1611383 4313431
1611912 4318710
1612384 4319649
1613999 4321259
1614472 4325070
1615265 4326997
1618660 4331273
1619907 4333105
1621871 4338151
1622678 4339259
1624373 4341298
1624638 4341594
1624867 4341860
1624965 4341993
1625304 4342367
1626136 4350218
1626674 4351205
1627169 4352027
1627437 4352464
1629021 4354171
1629229 4355855
1630407 4358513
1630803 4362484
1631298 4363991
1631862 4364672
1632381 4366455
1632694 4369680
1632843 4369985
1633217 4373411
1633960 4374488
1635033 4377088
1635347 4377502
1635981 4382547
1636418 4383341
1636793 4383852
1637149 4384511
1640150 4387705
1641776 4392096
1641973 4403491
1642407 4404668
1643831 4406255
1644023 4407248
1645338 4409303
1645732 4409841
1646065 4410728
1646419 4411125
1646543 4412567
1646817 4413732
1646969 4413912
1647250 4414285
1647400 4414650
1647692 4414982
1647837 4415398
1648016 4415616
1648168 4416313
1648339 4416627
1648655 4417231
1648863 4417984
1649025 4418671
1649581 4419254
1649665 4419438
1649788 4419642
1649890 4419897
1650197 4421517
1650289 4422805
1650626 4425659
1650824 4426286
1651025 4428174
1651344 4430939
1651656 4432544
1651800 4434231
1652152 4434845
1652292 4437171
1652406 4437458
1653278 4445333
1653426 4446360
1653861 4453112
1656116 4460017
1656957 4472139
1658212 4475456
1658374 4475776
1658691 4476640
1659115 4478183
1659262 4479929
1659606 4482159
1661445 4488172
1662153 4489264
1662806 4490053
1662928 4490287
1663870 4492593
1666070 4497425
1669116 4500845
1669642 4501691
1670345 4502552
1670514 4502865
1671345 4504135
1671697 4505679
1672195 4506199
1672398 4506347
1672612 4506638
1672937 4507229
1673406 4507806
1673561 4508217
1673723 4508668
1673885 4509119
1674047 4509570
1674211 4510033
1674374 4510490
1674537 4510947
1674698 4511392
1675075 4511839
1675317 4512187
1675559 4512535
1675801 4512883
1676044 4513233
1676284 4513577
1676526 4513925
1676768 4514273
1677056 4514715
1677570 4516180
1678155 4519233
1678965 4520129
1679296 4520773
1679489 4521933
1679996 4523202
1680226 4528141
1681675 4529999
1681964 4536386
1682409 4537150
1682779 4537990
1682970 4538273
1683957 4540264
1684413 4540883
1684624 4541931
1685403 4543600
1685617 4544860
1686585 4549359
1686986 4552495
1688149 4555196
1689181 4559269
1690328 4563130
1690490 4563666
1690671 4564193
1690839 4564697
1691069 4565389
1691227 4566126
1691446 4566479
1691605 4567095
1691801 4567520
1691995 4568505
1692334 4570419
1692586 4572799
1692790 4573233
1692995 4573769
1698601 4579442
1699456 4580566
1701534 4587217
1701741 4594586
1702671 4596981
1703664 4600781
1703939 4601270
1704247 4601830
1704579 4602481
1704766 4602685
1707349 4616701
1707917 4618103
1708646 4621936
1709040 4622522
1710921 4626367
1711941 4629105
1712450 4630374
1713224 4633906
1713494 4636127
1713857 4636761
1714080 4637421
1714455 4638074
1714853 4638499
1715160 4640349
1715339 4640575
1715454 4640797
1716540 4641828
1717053 4643424
1717429 4644446
1719306 4646304
1719595 4663015
1719890 4663963
1720194 4664386
1720781 4666235
1720977 4666442
1721809 4669272
1722425 4671138
1723386 4674631
1724245 4676699
1724691 4678263
1724852 4678549
1725618 4679733
1726492 4681267
1726917 4682617
1727599 4685100
1728123 4687069
1728471 4688611
1728779 4689284
1729089 4689841
1729672 4692368
1730751 4696580
1730993 4696936
1732427 4698533
1732630 4698756
1732843 4721422
1734633 4725700
1736442 4730343
1739555 4740171
1739892 4740595
1740795 4744550
1744508 4749012
1744960 4750051
1745803 4751586
1745925 4751813
1747380 4754585
1748978 4757153
1750231 4759260
1751199 4761182
1752002 4762372
1752156 4763054
1752338 4763840
1753230 4764979
1753395 4766800
1754402 4768085
1755243 4769732
1756376 4771567
1759300 4775561
1761758 4780657
1765418 4790634
1767544 4793203
1770500 4801783
1773615 4805046
1774061 4805486
1774601 4806017
1774845 4806213
1775329 4806669
1775760 4807074
1776153 4807604
1776598 4808108
1778413 4812765
1778849 4813411
1780610 4816471
1782105 4819211
1783524 4822923
1783783 4823607
1784245 4824484
1784611 4825700
1785324 4828191
1785810 4829100
1786213 4830092
1786861 4831449
1787271 4832722
1787395 4833651
1788592 4839295
1789294 4840673
1790250 4844504
1790530 4844985
1791637 4846090
1791776 4849787
1792233 4850605
1792505 4851580
1793822 4857114
1794250 4858506
1794506 4858798
1795343 4862339
1795899 4863140
1796354 4864475
1796737 4865510
1797126 4866242
1797349 4866602
1798504 4871297
1799089 4871967
1799779 4874280
1799933 4874850
1800074 4875431
1800285 4875698
1800485 4881911
1804520 4892421
1805416 4893581
1806408 4903865
1807231 4906901
1808047 4909703
1808558 4911754
1809383 4913530
1809934 4914645
1810265 4916242
1810421 4916420
1811076 4918322
1811273 4919330
1813149 4924167
1813608 4925123
1814066 4925714
1815120 4928072
1815327 4928901
1816233 4935643
1816478 4937144
1817270 4938585
1817905 4941210
1818805 4943272
1819926 4945820
1820147 4954543
1821166 4955611
1824700 4959110
1827694 4962723
1829242 4965228
1831243 4967759
1831568 4968087
1832559 4969891
1833396 4971352
1833734 4971872
1834270 4973228
1834822 4974973
1835591 4976526
1836183 4981434
1836780 4982733
1837084 4988011
1837643 4990083
1837764 4990452
1839281 5004390
1840139 5007817
1840654 5009067
1840886 5009719
1841851 5011315
1842350 5012159
1842578 5012492
1843853 5016140
1846388 5019264
1846713 5019605
1846820 5019993
1848052 5021596
1848185 5021862
1848633 5022498
1849455 5023645
1852418 5036424
1855238 5039410
1856050 5041093
1856275 5048766
1857712 5058473
1858202 5059048
1858569 5059632
1862175 5063779
1862724 5065675
1862838 5065864
1862980 5066152
1863492 5066739
1863723 5067051
1864712 5069695
1865176 5070682
1865334 5071127
1865714 5072358
1865828 5072712
1865941 5072855
1866353 5073349
1866465 5073491
1867209 5074570
1867315 5074703
1867560 5074976
1867921 5075372
1868371 5076238
1868909 5076999
1869777 5078038
1869990 5078596
1870241 5078906
1870611 5079945
1870950 5089177
1871076 5089470
1871315 5090022
1871567 5090816
1871678 5091667
1871762 5091910
1871860 5092161
1872159 5092819
1872364 5093481
1872583 5093884
1872746 5094466
1873776 5097924
1874524 5099058
1875252 5101755
1876823 5105236
1877377 5105863
1878039 5106540
1878188 5106762
1878515 5108441
1879002 5110948
1879443 5112503
1879763 5113292
1881374 5119688
1881796 5120202
1882776 5122239
1883670 5123451
1884300 5124259
1884565 5127782
1885336 5132147
1885786 5134616
1886594 5137969
1886991 5138815
1887776 5143265
1889158 5144677
1890433 5146098
1891183 5148861
1891788 5151269
1893061 5161200
1893719 5161972
1894450 5164028
1894814 5165436
1895718 5167178
1895865 5167544
1896013 5167911
1896402 5169637
1896567 5170028
1897391 5171892
1898971 5179680
1901239 5183648
1901401 5183974
1901543 5184271
1901867 5185646
1902202 5187046
1902703 5188263
1903444 5196750
1903585 5198213
1904964 5200515
1905994 5208271
1906709 5209496
1907045 5210544
1907414 5211402
1907909 5212353
1908502 5213947
1908690 5214566
1910776 5216581
1911436 5222435
1912863 5236839
1913205 5237263
1913659 5237905
1914608 5251637
1915045 5252639
1915267 5254044
1915760 5256103
1916169 5261341
1916495 5261726
1917121 5264805
1917676 5274873
1918276 5275704
1918514 5275864
1918776 5277692
1919362 5279166
1919718 5281214
1919936 5281969
1920571 5285222
1921013 5285804
1922124 5287653
1922355 5288635
1922520 5289649
1922693 5290597
1922870 5292104
1923117 5293169
1923333 5293553
1923462 5293935
1923871 5294612
1924019 5295364
1924262 5298577
1924651 5299585
1924871 5300141
1925327 5302300
1926828 5304630
1927186 5305453
1927503 5306236
1927615 5306869
1927781 5307233
1927949 5307440
1928164 5308109
1928452 5309202
1929293 5312725
1929664 5315423
1929945 5316143
1930692 5320920
1931058 5322497
1931736 5327459
1932115 5328381
1932344 5329657
1932933 5338884
1933552 5341000
1933816 5346433
1934384 5347036
1934797 5350771
1935138 5352073
1935660 5354640
1935927 5355046
1936546 5356452
1937232 5361280
1937454 5362034
1937744 5363243
1938107 5364413
1938605 5364994
1939500 5366825
1939776 5368032
1940072 5369280
1940355 5370536
1941743 5376823
1942638 5378291
1942899 5379488
1944113 5380808
1945305 5383833
1945582 5384413
1946294 5386312
1946619 5386530
1948535 5393593
1949047 5394392
1951105 5411782
1954734 5416421
1955915 5419009
1956780 5427000
1957082 5427483
1958323 5432146
1959065 5439374
1959644 5440843
1960132 5441510
1960716 5446175
1961144 5446823
1961527 5447750
1961906 5450120
1962574 5452134
1962845 5457509
1963501 5459064
1963781 5462731
1965090 5464200
1965938 5466475
1966271 5468185
1967823 5488623
1968449 5491209
1969027 5494017
1969154 5494304
1969293 5494805
1969598 5495867
1969773 5497086
1970969 5500319
1971352 5501754
1971460 5501946
1971593 5502232
1972356 5503029
1972548 5503636
1972662 5503875
1974318 5508608
1974755 5509167
1975220 5509696
1975709 5510404
1976142 5511854
1976375 5512167
1976663 5512528
1976886 5512826
1977540 5514039
1978104 5514802
1978603 5515441
1979603 5520032
1980020 5521059
1980595 5524473
1981256 5525814
1982247 5532095
1985795 5535965
1986257 5536419
1986424 5536578
1986554 5536875
1986905 5537357
1987532 5538904
1988145 5546246
1989901 5552275
1990201 5553357
1990852 5554203
1992012 5567028
1996362 5571522
1998176 5574095
1999221 5576414
2001018 5578202
2001542 5579280
2001769 5579663
2002314 5580676
2002588 5590551
2003016 5591194
2003589 5592256
2003812 5592724
2004168 5593448
2004660 5595027
2005352 5596168
2005524 5596659
2006347 5600149
2007345 5605890
2008372 5608488
2008688 5609041
2010588 5611109
2011419 5612069
2013479 5614479
2013659 5618422
2016048 5621184
2016402 5621775
2016600 5622054
2016719 5622214
2016829 5624539
2017160 5625047
2017458 5625353
2017660 5625633
2017882 5626299
2017987 5626490
2018127 5629639
2018296 5630003
2018447 5630366
2018587 5634789
2018723 5635201
2018893 5635795
2019058 5636322
2019236 5636861
2019427 5637365
2019637 5638506
2019881 5640975
2020067 5642238
2020239 5642816
2020451 5644890
2020611 5645403
2020775 5645890
2021022 5647755
2021233 5648325
2021340 5650063
2021868 5650707
2022113 5651671
2025190 5655063
2026421 5656677
2026665 5657320
2026911 5657968
2027153 5658607
2027411 5659290
2027667 5659966
2027783 5660435
2028486 5661524
2029765 5664126
2030366 5664803
2030767 5665430
2031967 5668268
2033392 5673253
2033884 5674310
2038215 5678614
2038387 5683405
2039057 5684081
2040053 5685342
2041110 5686703
2041310 5687118
2041430 5687508
2042280 5688430
2042356 5688581
2042464 5688745
2044537 5691288
2045017 5691768
2045205 5691956
2046514 5693646
2047896 5695475
2048140 5696018
2049288 5697830
2049680 5698306
2051902 5702101
2052553 5703289
2053160 5704522
2053556 5705538
2053793 5705956
2054202 5706844
2055085 5708922
2055435 5709632
2056171 5711913
2058012 5715578
2058285 5715943
2060628 5719068
2062465 5723670
2063549 5726122
2064229 5727134
2065790 5730311
2067932 5735150
2068638 5736248
2071154 5738883
2071334 5739685
2072060 5740794
2072587 5741479
2072769 5741822
2073786 5743243
2076055 5749549
2076340 5750168
2078091 5755314
2081380 5759675
2084528 5767163
2085330 5768704
2086208 5769738
2086409 5769978
2087283 5771530
2087962 5772549
2091182 5779165
2091641 5779711
2092021 5780285
2092447 5780952
2092623 5781445
2093071 5782037
2093207 5782387
2096174 5788636
2098893 5792928
2100454 5795224
2103217 5798113
2103326 5798259
2103518 5835949
2103831 5836600
2104351 5837301
2104473 5837527
2104902 5838250
2105015 5838677
2105801 5839636
2105944 5839958
2106080 5842147
2106181 5843276
2106277 5843633
2107373 5847748
2108704 5849232
2109247 5850321
2110089 5851555
2110342 5852243
2111874 5855005
2112005 5855203
2112114 5855504
2112272 5855605
2117803 5862666
2120198 5865810
2120551 5866439
2121578 5871362
2121931 5872567
2122218 5881578
2122926 5883521
2125031 5885608
2125487 5886694
2125770 5893828
2127879 5901106
2128262 5902539
2128841 5904279
2129146 5905555
2129657 5906218
2130014 5926165
2130687 5927141
2132636 5941367
2133426 5943317
2134358 5946662
2135804 5949021
2136973 5956068
2141202 5960489
2142249 5962834
2142401 5963363
2143674 5965114
2143819 5965801
2143942 5966345
2144374 5967313
2144508 5968411
2144648 5969718
2144802 5970032
2144965 5970395
2145079 5970892
2145545 5971354
2145848 5971849
2145986 5972179
2146125 5972514
2146264 5972838
2146405 5973170
2147190 5974217
2147472 5974557
2148438 5975640
2148568 5975923
2148878 5976291
2149834 5979037
2150472 5980651
2151200 5983585
2151460 5984043
2151679 5985317
2151901 5985840
2152062 5986133
2153619 5995875
2155088 6001859
2155969 6003673
2156537 6005116
2156710 6005537
2156941 6005966
2157296 6008558
2157788 6009474
2158276 6010439
2158749 6011513
2159405 6013042
2159892 6014317
2160158 6014959
2160468 6015699
2160721 6016271
2161841 6018239
2162297 6020501
2163463 6021973
2163555 6022592
2163669 6023098
2164320 6023924
2164512 6024739
2164788 6027179
2166724 6029121
2166832 6029329
2167047 6030155
2167387 6033053
2167710 6034566
2168016 6047293
2169534 6052320
2170013 6053266
2172690 6064681
2175831 6067758
2176205 6068217
2176582 6072290
2177075 6073264
2177411 6073755
2177729 6074214
2179950 6080131
2182513 6084054
2182820 6172427
2184035 6173622
2185434 6176460
2185910 6177666
2186810 6179515
2187478 6181838
2189060 6188595
2189642 6189661
2189863 6190115
2190941 6192783
2191579 6194615
2193074 6197108
2193522 6198783
2193911 6200033
2194361 6201534
2195126 6204104
2195227 6204654
2197354 6210684
2197489 6211238
2197896 6212632
2198722 6216285
2199171 6217096
2199631 6218610
2200378 6220408
2201855 6223201
2202475 6225329
2202998 6227452
2203610 6230023
2204015 6231754
2204385 6232315
2204749 6233014
2206387 6240714
2206780 6241584
2207210 6242311
2207439 6243050
2207580 6243616
2208071 6244542
2209109 6252591
2209978 6253392
2210422 6260495
2210913 6261028
2212172 6265354
2212851 6266052
2213250 6267473
2215558 6277316
2215931 6278635
2216564 6279920
2217011 6280705
2217534 6282479
2217928 6283394
2218377 6283886
2218572 6284128
2218746 6284377
2219798 6287367
2220314 6288279
2221052 6290644
2221640 6291904
2222659 6295037
2222959 6295400
2223543 6299263
2224135 6301871
2225201 6305510
2226036 6307307
2226869 6312319
2227262 6312911
2227820 6314906
2230814 6330526
2231756 6332092
2233906 6337413
2234792 6338290
2234981 6338587
2235182 6338945
2235395 6339364
2235620 6339844
2235856 6340317
2235940 6340656
2236277 6341914
2237191 6343017
2237393 6346692
2237577 6347230
2237831 6347705
2238730 6349146
2238905 6349581
2239069 6349807
2240136 6351253
2240313 6351966
2240395 6353310
2240502 6353811
2240787 6354773
2241029 6374484
2241882 6375330
2242466 6375916
2243468 6377541
2243837 6379573
2244394 6380387
2245882 6381813
2246119 6381984
2247579 6386444
2248232 6387394
2248602 6387817
2249873 6391942
2251365 6394042
2251610 6396926
2252747 6399825
2254597 6404223
2255441 6407114
2255816 6407624
2255933 6408199
2258140 6415439
2258617 6418323
2259182 6419396
2259465 6419776
2260102 6421048
2260246 6421309
2260780 6425308
2262908 6430317
2264149 6443069
2264716 6445641
2264985 6446354
2266017 6447799
2266298 6449211
2266870 6451044
2267847 6456533
2268781 6460883
2273381 6470646
2274000 6472917
2274682 6473801
2275126 6474693
2275309 6474903
2275504 6475886
2275677 6476290
2275813 6476533
2276522 6480215
2276869 6481318
2277182 6482026
2277353 6482970
2277928 6484326
2278188 6484478
2278454 6484885
2278961 6485600
2279373 6486100
2279629 6486457
2280025 6487416
2281080 6488503
2281353 6489102
2281671 6491150
2282362 6491780
2282641 6491998
2283156 6493305
2283349 6493472
2283563 6494319
2283978 6496077
2284368 6496557
2284628 6499454
2285273 6500520
2285846 6504153
2286433 6506068
2286613 6507224
2287147 6508398
2288213 6510704
2289479 6515612
2289795 6518204
2290452 6520053
2291040 6521679
2293237 6537977
2293849 6539614
2294111 6541169
2294271 6542174
2294459 6544630
2294577 6544766
2294889 6545145
2295921 6564777
2296373 6565555
2296847 6566681
2297123 6567204
2297511 6568573
2298048 6569318
2298718 6574598
2299322 6578051
2299664 6581567
2301420 6584077
2301717 6584724
2302543 6589859
2303409 6592311
2303866 6593739
2304168 6595290
2304620 6595776
2305178 6597251
2305948 6599671
2306656 6603010
2307177 6603792
2308230 6607071
2308485 6609095
2308794 6609861
2309340 6610878
2310406 6613796
2312374 6620390
2312715 6623118
2313008 6623512
2313658 6625983
2313799 6626993
2313974 6627529
2314120 6628164
2315424 6629668
2315720 6630746
2315859 6631229
2315973 6631455
2316099 6631770
2316648 6632968
2316806 6633806
2317107 6634601
2317416 6635002
2317564 6635219
2317792 6635530
2317943 6635756
2318358 6636257
2319104 6637083
2319248 6637304
2319410 6637608
2319573 6637913
2319721 6638139
2320019 6638510
2320396 6639245
2320793 6640106
2321012 6640773
2321178 6641489
2321530 6642468
2321715 6642731
2322059 6644559
2322185 6644749
2322479 6645481
2322824 6646030
2322998 6646424
2324168 6647656
2324627 6648725
2325126 6649461
2325617 6649974
2326258 6651812
2326491 6652113
2326664 6652553
2327049 6653457
2327300 6653980
2327393 6654808
2327502 6654966
2328010 6655409
2328262 6655602
2329365 6656847
2330485 6659199
2331296 6664260
2331788 6665712
2332422 6668017
2333279 6672468
2333682 6673218
2334149 6674124
2335249 6675755
2335680 6676202
2336033 6676883
2336396 6677614
2337879 6679255
2337982 6679610
2338087 6679873
2338486 6680460
2338599 6680865
2339072 6681359
2339445 6682562
2341259 6687081
2342356 6689809
2342911 6691112
2343399 6691565
2344015 6693843
2344597 6694808
2344892 6695692
2346709 6700847
2347180 6703638
2347414 6704172
2347889 6710040
2348138 6738552
2348700 6741154
2349414 6742032
2349716 6743813
2349981 6744135
2350271 6744496
2350528 6744876
2350832 6745351
2351626 6747765
2351815 6748721
2351907 6748829
2352109 6749452
2352270 6750024
2352378 6750342
2352615 6750772
2353234 6753627
2353636 6759622
2353809 6761102
2354125 6761497
2354377 6764178
2354974 6765873
2355247 6769918
2356074 6794771
2356261 6795409
2356545 6797938
2357118 6800153
2357853 6801332
2358000 6801671
2358236 6804594
2358475 6805504
2359956 6807657
2360183 6808761
2362357 6813183
2362619 6814406
2363024 6815134
2363577 6815974
2364434 6819835
2365734 6822630
2365986 6829908
2366369 6831978
2366877 6832945
2368681 6840891
2369343 6842041
2370152 6847111
2370622 6849374
2371298 6851665
2371717 6853314
2372122 6860913
2372426 6861986
2373033 6864216
2373499 6865466
2373847 6866271
2373982 6867145
2374115 6868420
2374556 6869172
2374793 6870139
2375253 6871987
2376004 6872715
2376121 6872809
2376505 6873471
2376687 6874286
2377135 6875510
2377365 6876378
2377799 6877590
2378044 6879284
2378336 6880004
2378664 6880554
2379025 6881759
2379235 6883067
2379590 6885002
2379989 6886016
2380858 6889864
2381093 6890210
2382570 6899743
2382986 6900523
2383458 6902803
2383663 6903295
2384217 6903912
2384286 6904186
2384421 6904508
2384550 6905016
2386003 6907489
2386232 6907728
2386507 6908023
2387430 6910186
2387793 6914396
2388902 6921452
2389338 6928124
2389482 6928586
2390214 6929615
2390657 6931272
2392120 6939948
2395446 6943902
2396069 6944619
2396572 6945232
2397047 6945924
2398276 6948686
2398447 6948956
2398618 6949226
2398798 6949540
2398976 6949844
2399148 6950119
2399325 6950418
2399502 6950717
2399688 6951060
2399872 6951393
2400050 6951697
2400234 6952030
2400419 6952368
2400589 6952633
2400764 6952922
2400918 6953327
2401264 6954221
2401453 6954744
2402034 6955616
2402235 6956169
2402637 6956892
2402922 6957208
2403118 6957435
2403323 6957689
2403526 6957937
2403723 6958167
2403931 6958434
2404223 6958751
2405063 6959754
2405291 6960109
2405382 6960349
2405474 6960672
2405694 6960872
2405817 6960988
2405959 6961218
2406407 6961812
2407074 6963370
2407732 6964364
2407902 6964752
2408041 6965472
2408965 6966632
2409168 6967767
2409357 6967991
2409613 6968591
2409781 6969109
2410133 6969641
2410255 6970028
2410325 6970185
2412709 6973474
2414098 6978246
2414745 6980821
2415710 6985463
2416261 6985964
2416552 6986568
2417202 6989146
2417599 6990105
2419390 7000728
2420407 7004318
2420917 7005787
2421389 7006795
2422149 7007723
2422346 7008092
2423050 7009160
2423542 7010556
2423882 7011470
2424181 7012089
2424330 7012342
2425707 7013946
2426061 7023084
2426412 7023662
2427156 7024650
2427425 7025411
2427916 7027237
2429420 7029047
2429611 7029179
2429851 7029619
2430068 7029769
2431241 7035394
2431942 7037683
2432349 7038608
2433005 7040156
2433291 7040959
2433604 7041519
2433933 7042349
2434182 7043826
2434721 7045368
2435016 7045600
2435282 7046065
2436640 7053122
2437404 7054799
2437631 7055948
2438249 7057883
2438577 7058180
2439252 7060435
2439480 7060967
2440217 7062702
2440704 7063677
2441126 7064435
2441656 7067117
2442100 7068589
2442577 7069624
2443229 7070780
2443466 7071374
2443755 7072172
2444906 7078031
2445337 7079482
2445985 7081227
2447521 7086231
2448031 7087208
2449436 7094006
2450291 7096743
2450957 7098799
2451549 7100349
2451763 7100705
2452008 7101868
2452193 7102285
2453021 7105294
2454685 7106953
2454891 7107158
2455103 7107378
2455289 7107565
2455549 7107804
2455657 7107930
2455770 7108054
2455913 7108216
2456121 7108439
2456265 7108609
2456497 7108881
2456651 7109063
2456787 7110205
2457065 7110779
2457310 7111361
2457565 7111965
2457665 7112130
2457816 7112299
2458122 7112938
2458273 7113087
2458436 7113318
2458611 7113582
tscaly/modulespecifiers.scaly
5469 5437
5645 5867
5973 6171
6318 6575
6454 6772
6623 6973
6763 7177
6925 7372
7143 7776
7451 8502
7770 8914
7922 9327
8102 9533
8204 9661
8359 9946
8550 10248
8787 10823
8963 12539
9131 13757
9301 14192
9667 15212
9988 16572
10286 19462
11099 22247
11364 26043
11688 26380
11816 26514
11948 26733
12078 27163
12176 27447
12395 28016
12497 28266
12610 28395
12785 29090
12901 29401
13095 29679
13290 30081
13454 30249
13623 30626
13772 30983
13936 31458
14133 32147
14348 32560
14540 33319
14783 33685
14993 34012
15186 34378
15406 34650
15596 34909
15841 35307
16108 35715
16309 36396
16497 37527
16723 37880
16915 38275
17179 38949
17619 39818
17892 40687
18122 40911
18420 41788
18591 42099
18709 42385
18853 42794
19093 44981
19455 45517
19673 46326
19914 47529
20015 47741
20270 49101
20473 49853
20744 51993
21020 53180
21619 54577
21792 55855
22039 58875
22158 59107
22315 59390
22610 61083
22799 61757
23317 66781
23483 67368
23761 69638
23887 69950
24194 71933
24418 72471
24537 72682
24791 74714
24949 75021
25072 75265
25468 80950
26022 84639
26305 88131
26690 91097
27020 97532
27471 102128
27683 102527
27893 103522
28050 103701
28385 105248
28721 107495
28927 108616
29151 109097
29407 109604
29623 110573
30034 120159
30172 120497
tscaly/printer.scaly
5688 5659
5760 5713
5838 5788
5925 5871
6022 5965
6118 6057
6233 6138
6348 6219
6448 6333
6543 6591
6722 6934
6816 7097
6933 7210
8049 8525
8248 8858
8318 9235
8381 9370
8444 9505
8523 9563
8600 9623
8681 9699
8785 9767
8874 9839
8964 9928
9140 10241
9361 10563
9585 11074
9762 12363
9935 12819
10010 13248
10309 15169
10382 15517
10442 15750
10516 16151
10604 16330
10700 16575
10796 16656
10893 16738
10993 16823
11087 16902
11190 16990
11288 17073
11385 17155
11480 17235
11576 17316
11683 17408
11745 17709
11803 17921
11880 18163
11969 18225
21852 28194
22015 28385
22216 28557
22998 29665
24427 31336
24674 31952
24823 32331
24965 32611
25126 33086
25217 33568
25314 33963
25394 34503
25464 35982
25647 37131
25763 37432
25936 37961
26174 39571
26344 40936
26554 42269
27038 42773
27142 42896
27384 43146
27572 43338
29442 45224
30060 45957
30153 46554
30280 46757
30408 47231
30826 50633
31058 53430
31210 53682
31372 53932
31538 54235
31877 55276
32247 56594
33129 60056
33360 60332
33542 60641
33703 60837
33887 61102
34071 61367
34219 61612
34362 61791
34505 62418
34728 62797
34955 63336
35177 63770
35400 64198
35528 64626
35684 65150
35803 65371
35932 65912
36051 66293
36176 66645
36324 67203
36460 67442
36593 67630
36723 67818
36931 68260
37028 68453
37266 69446
37474 69890
37650 70337
37786 70735
37919 71118
38062 71831
38189 72592
38305 73031
38608 76029
38732 76456
38855 76771
39057 77593
39496 78989
39779 82420
39959 83022
40052 83389
40142 83623
40231 83732
40403 84111
40800 85062
41011 85416
41184 85605
41275 85694
41385 85802
41476 85922
41750 86385
41922 86536
42025 86644
42113 86754
42205 86876
42291 86988
42383 87103
42549 87583
42697 88371
42858 89556
43005 90446
43204 91209
43401 91523
43506 91664
43649 92124
43792 92530
44034 94894
44317 96676
44470 98604
44561 98698
44664 98860
44787 99079
44885 99187
44987 99303
45086 99413
45184 99521
45283 99631
45383 99743
45481 99851
45559 99963
45635 100042
45712 100228
45790 100785
45881 100923
45962 101012
46043 101101
46151 101248
46259 101395
46415 102001
46538 102336
46699 102805
46835 103199
47040 104359
47308 104920
47433 105396
47553 105857
47726 107752
47902 109615
48106 111549
48230 111890
48390 115205
48564 115447
48677 115866
48788 115993
48903 116129
49020 116264
49140 116401
49286 118180
49413 118408
49526 118634
49688 119071
49807 119214
49927 119359
50045 119500
50164 120048
50277 120475
50393 120611
50544 121950
50722 122324
50881 122523
51058 122902
51163 123019
51264 123343
51373 123468
51478 123800
51581 123913
51680 124474
51823 125039
51927 125248
52034 125355
52141 125462
52247 125568
52371 125692
52489 125810
52594 125915
52701 126022
52806 126127
52918 126423
53070 127040
53214 127238
53345 127424
53546 128143
53715 129419
53901 129970
54046 130169
54193 130385
54335 130749
54485 131101
54642 131807
54801 132416
54961 133975
55083 134433
55300 134953
55588 135550
55699 135714
55812 135883
55923 136047
56227 136598
56454 137063
56695 139906
56981 143579
57057 144243
57439 150361
57768 154215
58034 154643
58259 154779
58414 155442
58710 157043
59051 165374
59237 166252
59350 167101
59619 168872
59763 169327
59947 170283
60106 170957
60246 172382
60501 173313
60625 173839
60753 174297
60878 174827
61007 175153
61168 175625
61289 176067
61417 178033
61565 178370
61802 178844
61893 179041
61997 179908
62133 181284
62251 181953
62581 185272
62734 186344
62836 186533
62953 186766
63129 187789
63195 188449
63343 189220
63505 189961
63632 190554
63840 191399
64001 191992
64162 192259
64276 192415
64389 192569
64490 192916
64622 193134
64914 194577
65115 194855
65234 195065
65338 195245
65447 195447
65565 195660
65648 199431
65756 199792
65846 200302
65975 200661
66203 200860
66429 201328
66681 201557
66848 201732
67004 201882
67083 201955
67182 202048
67280 202140
67361 202215
67441 202289
67621 202622
67747 202903
67906 203391
68038 203679
68291 204101
68448 204417
68818 207248
68938 209752
69072 210856
69178 211391
69292 211659
69378 211862
69488 212061
69576 212181
69964 214239
70104 214562
70212 214827
70352 215312
70467 215893
70622 219199
70723 221283
71002 224351
71144 225271
71367 225580
71528 225841
71665 226924
71819 227047
71956 227352
72078 227749
72262 228150
72387 228412
72595 228820
72798 229091
73033 230653
73227 231113
73450 231418
73587 231704
73748 233257
73876 233538
74194 234276
74423 235261
74535 237093
74715 237598
74863 238382
75007 239056
75153 239813
75311 240195
75450 240798
75610 241541
75762 241689
75914 241837
76056 242304
76203 242837
76346 243496
76468 244927
76589 246074
76720 247022
76856 247158
77031 247584
77173 248293
77314 248419
77497 248690
77639 249011
77835 249939
77976 250556
78120 251314
78258 251696
78398 252354
78536 252685
78880 253253
79026 253384
79164 254081
79301 254373
79442 254672
79588 255372
79738 255519
79876 255791
80033 255945
80178 256238
80322 257082
80470 257632
80608 257950
80754 258294
80855 258481
80996 259019
81143 259471
81292 259922
81431 262190
81571 262460
81717 262834
81868 262963
82009 263338
82164 263987
82308 265047
82500 265405
82714 265786
82887 265940
83025 267098
83159 270983
83347 271381
83496 271739
83639 272494
83787 272617
83893 272723
84044 273033
84191 273339
84338 273642
84485 273947
84628 274090
84825 274246
84977 274663
85130 275506
85408 276328
85562 278429
85715 279430
85888 279562
86069 280528
86212 281014
86354 281837
86479 282288
86633 282743
86786 283174
86938 284149
87085 284985
87226 285782
87368 286661
87534 287043
87679 287191
87825 287340
87968 287484
88112 287630
88263 288544
88415 288967
88693 289996
88850 292770
88995 294682
89184 295045
89334 296730
89481 297105
89625 297649
89767 298003
89911 299242
90021 299403
90179 299756
90342 299909
90518 300385
90659 300518
90807 300665
90954 300968
91059 301353
91344 302940
91457 303103
91586 303282
91712 305315
91969 309387
92168 309572
92359 309960
92531 315774
92698 316158
92844 316277
92959 316483
93108 316607
93257 316732
93605 318156
93712 318760
93818 319026
93922 319209
94100 319782
94233 321791
94379 322172
94625 322599
94773 323976
95002 324710
95142 325959
95361 326433
95501 327171
95644 327531
95823 327804
95964 329285
96108 330213
96252 331362
96385 331852
96495 331998
96602 332138
96746 332658
96888 333335
97032 334025
97177 334589
97320 335015
97461 336128
97571 336408
97684 336572
97800 336739
97982 337438
98135 337571
98288 338644
98436 339520
98581 340760
98730 341713
98880 342400
99024 342990
99170 344150
99310 346122
99448 346930
99601 347886
99763 348432
99909 349529
100050 350413
100194 350879
100335 351232
100466 351714
100610 352442
100759 352567
100904 353849
101050 355286
101195 355698
101339 356388
101495 357013
101603 357455
101744 357808
101874 358227
101982 358931
102095 359048
102249 359833
102367 363915
102559 364357
102723 364837
102875 365344
103015 365804
103162 366750
103309 367071
103421 367306
103533 367542
103633 367752
103775 368024
103916 368491
104064 368847
104191 369267
104333 370786
104444 371157
104562 371891
104720 372557
104848 372967
105013 373729
105219 375383
105358 375865
105500 376179
105636 376597
105779 377047
105919 377850
106108 378715
106265 379291
106410 379740
106575 380109
106719 380224
106895 380422
107016 380788
107136 382492
108054 385957
108274 387097
108830 387679
108947 387804
109088 388922
110171 390051
110306 390386
111610 409992
112738 411115
112786 411158
115524 414274
115719 414840
115812 414933
115997 415138
116113 415294
116264 415433
116553 416324
116710 416665
116859 417119
116962 417231
117240 418700
117431 418886
117552 418991
117911 419696
118018 419801
118134 420194
118317 420552
118465 420876
118559 421058
118653 421240
118715 421570
118777 421900
118878 422099
118979 422298
119072 422437
119403 423831
119737 424409
119837 424912
119964 425157
120056 425242
120180 425837
120353 426253
120471 426606
120674 427034
120887 427440
121027 427764
121167 428098
121306 428420
121617 429138
122104 433005
122237 433224
122343 433606
122453 433811
122563 434033
122667 434374
122788 435123
122938 435458
123069 435764
123233 435930
123357 436442
123515 437726
123641 437981
123743 438120
123865 438308
123996 438681
124125 438963
124278 439120
124412 439504
124544 439797
124700 439963
124850 440459
125067 441221
125216 441968
125328 442192
125479 442345
125589 442565
125740 442718
125849 442936
126003 443095
126178 443430
126457 444215
126653 444491
126808 444889
127134 446464
127265 446701
127396 447079
127562 447389
127681 447854
127823 448387
127985 448654
128250 448953
128508 449577
128722 450955
128890 451719
129068 453030
129297 454359
129440 454616
129866 455769
130042 457014
130367 457941
130650 458240
130873 458729
131020 458991
131246 459234
131470 459727
131618 459991
131770 460146
131882 460366
132013 460727
133752 462668
133885 462918
133976 463224
134066 463689
134185 463887
134400 464405
134485 464642
134579 464780
134701 465300
134832 465847
134960 466138
135266 466629
135656 467299
135815 467580
135905 467658
136214 468933
136483 469581
136708 471299
136869 471645
137045 472190
137187 472349
137331 472508
137558 473060
137761 474320
137895 474628
138286 477383
138686 479252
138853 479429
139006 479714
139488 480213
139606 480946
139739 481223
139865 481698
tscaly/factory.scaly
1950 1971
2207 2706
2646 3209
2799 3641
3141 4625
3293 4969
3686 5639
3794 5697
4158 6482
4303 6920
4407 7091
4529 7304
4666 7546
4819 7824
5014 8544
5166 8814
5352 9419
5480 9643
5642 10200
5754 10411
5949 10756
6194 11778
6353 12084
6554 12856
6719 13182
6926 13966
7142 14378
7416 15552
7662 16409
7955 18554
8094 18812
8267 19406
8412 19676
8591 20282
8732 20535
8907 21133
9070 21455
9275 22235
9443 22563
9653 23357
9792 23627
9965 24212
10167 24764
10400 26186
10539 26439
10712 27033
10905 27375
11148 28377
11313 28677
11520 29485
11638 29687
11807 30018
12018 30810
12167 31083
12350 31697
12501 31942
12686 32638
12876 32981
13108 33839
13339 34277
13628 35485
13813 35842
14032 36608
14193 37177
14377 38210
14680 38707
15057 40344
15282 40760
15565 41972
15724 42282
15917 42909
16293 43538
16759 45596
17063 46093
17433 47589
17735 48082
18103 49574
18262 49875
18455 50558
18767 51071
19145 52583
19401 53046
19715 55189
19976 55661
20129 55918
20324 56662
20535 56999
20796 57981
20942 58228
21122 58836
21245 59045
21373 59261
21620 59714
21925 61918
22177 62380
22335 62662
22527 63279
22662 63516
22831 64081
22977 64365
23157 64965
23389 65395
23671 66541
23868 66888
24107 67712
24242 67949
24411 68514
24557 68798
24737 69398
24922 69726
25149 70624
25393 71093
25687 72186
25941 72675
26245 73788
26575 74350
26979 76040
27331 76655
27765 78507
28117 79122
28551 80974
28791 81456
29081 82528
29419 83117
29831 84808
30233 85470
30733 87734
31018 88229
31369 89656
31635 90136
31967 91536
32094 91751
32294 92122
32536 92952
32654 93154
32783 93350
32930 93604
33079 93862
33227 94117
33397 94416
33581 94742
33836 95230
34157 96588
34328 96901
34533 97632
34706 97950
34913 98685
35085 98985
35299 99803
35653 100427
36089 102367
36463 103039
36927 105093
37088 105368
37291 106144
37466 106447
37683 107251
37947 107834
38277 109258
38505 109714
38783 110850
39024 111349
39315 112571
39584 113141
39911 114537
40131 114890
40401 115942
40550 116203
40733 116878
40891 117221
41083 117910
41220 118151
41391 118726
41576 119070
41803 119890
41962 120197
42163 120961
42432 121530
42759 122894
42916 123175
43107 123790
43292 124138
43511 124894
43700 125250
43923 126016
44066 126269
44243 126856
44507 127330
44837 128726
45167 129334
45571 131084
45714 131337
45891 131924
46035 132178
46213 132767
46352 133012
46525 133591
46666 133840
46841 134423
47004 134723
47209 135513
47335 135706
47481 135971
47661 136555
47821 136848
48015 137460
48247 137963
48537 139169
48700 139467
48897 140174
49039 140416
49215 141001
49355 141239
49529 141818
49712 142172
49937 142996
50126 143324
50357 144168
50568 144561
50821 145457
50960 145693
51133 146265
51242 146449
51451 146815
51710 147865
51867 148153
52066 148881
52252 149201
52472 150036
52653 150344
52876 151172
53171 151694
53540 153334
53692 153583
53878 154187
54027 154458
54210 155051
54439 155478
54726 156694
54869 156938
55046 157520
55181 157748
55350 158314
55503 158578
55690 159180
55918 159539
56196 160607
56469 161104
56800 162400
56971 162679
57146 162966
57317 163245
57514 163603
57753 164443
57935 164794
58159 165603
58323 165897
58521 166526
58727 166950
58983 167994
59133 168286
59317 168896
59488 169213
59701 170005
59916 170400
60181 171438
60405 171850
60679 172906
60889 173317
61149 174377
61270 174583
61391 174789
61548 175056
61747 175808
61895 176070
62077 176667
62221 176921
62399 177508
62570 177804
62783 178632
62941 178907
63083 179183
63259 179621
63424 179902
63631 180654
63781 180919
63965 181519
64118 181789
64305 182395
64451 182652
64631 183244
64741 183440
64887 183697
65067 184289
65213 184546
65393 185138
65597 185490
65851 186465
66029 186773
66249 187567
66501 188062
66811 189308
67019 189668
67277 190651
67453 190955
67671 191745
67849 192053
68069 192847
68251 193163
68475 193965
68655 194277
68877 195075
69057 195387
69279 196185
69463 196505
69689 197311
69891 197659
70143 198630
70354 198996
70615 199980
70822 200338
71079 201314
71293 201686
71557 202681
71765 203041
72023 204024
72227 204376
72481 205351
72747 205855
73079 207287
73312 207720
73603 208904
73815 209272
74077 210263
74308 210692
74597 211872
74821 212264
75095 213328
75238 213579
75415 214160
75628 214555
75891 215602
76135 216087
76429 217253
76696 217740
77021 219130
77274 219584
77585 220910
77766 221220
77989 222119
78174 222447
78401 223345
78523 223547
78668 223782
78855 224360
79011 224616
79209 225216
79363 225468
79559 226064
79835 226529
80177 227934
80370 228288
80605 229124
80793 229482
81015 230096
81324 230657
81680 232148
81964 232432
82074 232520
82445 233073
82682 234210
82796 234367
82967 234593
83081 234750
83252 234976
83391 235162
83587 235417
83731 235604
83935 236040
84180 237192
84327 237394
84531 237665
84683 237868
84895 238320
85148 239882
85236 240005
85324 240128
85413 240253
85545 240459
85682 240671
85819 240883
85957 241108
86099 241337
86243 241573
86336 241728
86578 242700
86706 243485
86970 244516
87142 245160
87305 246350
87514 246947
87690 247470
87883 247765
88063 248250
88185 248695
88294 249053
88461 250318
88650 250930
88890 251894
89102 252302
89228 252831
89554 253491
89783 254264
89923 254420
90141 254690
90282 254848
90501 255120
90647 255277
90843 255505
91041 256230
91226 256853
91469 257417
91589 257649
91729 257874
91844 258034
91977 258229
92128 258459
92343 259117
92488 259474
92651 260049
92815 260526
92939 260821
93232 261415
93463 261971
93610 262301
93778 262677
93941 263044
94149 263514
94337 263972
94483 264478
94596 264639
94711 264963
94845 265280
94956 265538
95133 266210
95254 266555
95372 266833
95596 267974
95752 268553
95888 268926
96051 269500
96214 270408
96377 271360
96574 271987
96859 273774
97137 274350
97323 274791
97471 275127
97579 275381
97751 275850
97871 276134
97988 276409
98146 276752
98296 277454
98468 277931
98791 304734
99530 305519
99724 336579
100116 337409
100346 338111
100474 338341
100706 338791
100984 339296
101204 339451
101539 341595
101708 342097
101962 342313
102109 342605
102252 342891
102422 343161
102584 343285
102802 343545
103024 343813
103246 344107
103478 344421
104015 345468
104512 347012
104773 347389
104962 347575
105157 348029
105390 348270
tscaly/emitter.scaly
15511 16719
15936 17788
16309 18283
16492 18568
16583 18807
16766 19007
16889 19124
16968 19195
17077 19298
17247 19462
17541 20896
17659 23962
17817 24444
17890 24665
17964 25697
18038 26721
18109 27170
18257 36566
18437 36830
18510 37025
18581 37516
18676 37661
18766 37800
18900 38049
19001 38305
19098 38443
19544 39165
19765 39751
20254 40393
20376 40569
20570 41629
20666 41756
20761 41881
20925 42316
21161 42657
21341 43073
21524 43863
21679 44662
21845 44973
23199 46659
23382 47112
23566 47577
33817 57979
41783 66930
41919 67214
42012 67307
42101 67397
42258 67738
42518 70273
42884 71535
43125 74291
43422 75084
43616 76212
43802 76879
43996 79993
44310 80600
44487 81994
44596 82845
44780 83243
44964 84495
45130 87041
45344 87855
45521 89348
45723 90025
45966 91534
46149 91966
46378 92662
46682 93508
46782 93662
46980 98199
47173 98804
47353 100815
47501 101753
47802 102705
48024 105093
48326 107870
48541 108503
48771 112725
48922 114639
49088 115171
49247 115652
49429 116109
49584 119286
49766 120302
50011 121650
50209 123058
50464 123939
50550 124155
50727 125576
50910 125796
51112 127062
51262 127607
51514 130353
51674 132202
51803 134381
51911 134764
52101 135372
52207 135504
52443 135815
52577 136134
52797 136747
52932 139072
53207 139651
53359 140390
53450 140577
53595 141121
53740 142929
53885 143556
54031 144185
54158 144543
54316 145256
54522 145978
54865 148055
54985 148385
55298 154826
55450 155416
55613 156396
55865 156693
56123 158185
56281 159559
56438 160931
56581 161547
56948 162890
57226 165959
57400 166137
57488 166398
57763 167528
57935 167993
58066 168539
58201 170192
58406 170717
58558 171456
58715 172166
58926 173169
59054 173723
59209 175534
59445 176021
59606 176607
59784 177585
59940 178448
60085 178944
60246 179684
60402 180958
60574 182061
60732 183365
60889 184667
61041 186130
61167 187049
61310 187709
61533 189111
61643 189470
61736 190243
61931 190826
62053 191825
62352 194476
62528 195039
62892 196766
63199 203660
63357 204391
63482 204973
63608 205295
63788 206085
64070 208284
64157 208487
64280 208963
64525 209920
64810 210514
64928 210769
65184 211378
65488 211919
65662 212833
66000 213894
66158 214503
66330 215366
66486 215859
66638 216235
66847 216686
67069 217290
67339 218470
67409 218872
67571 219136
67695 219348
67834 219630
68293 225491
68568 226280
68755 227259
68930 227445
69041 228166
69450 229149
69657 229551
70073 231314
70226 231525
70380 232024
70567 233297
70809 233827
71067 234438
71242 235844
71394 236145
71542 236606
71865 238301
72372 239503
72585 240445
72888 241714
73012 241895
73347 243091
73559 244223
73743 244630
73916 245022
74129 245970
74553 248075
74643 248189
74841 249405
74990 250029
75137 250887
75288 252120
75395 252267
75771 254489
76155 256404
76516 257701
76627 257931
76745 258055
76863 258403
77260 259154
77516 259775
77743 260352
77907 260912
78041 261161
78191 261637
78403 262329
78672 264200
78853 264693
79047 265344
79174 265777
79334 266205
79554 269408
79767 271788
79897 272827
80136 275264
80237 275710
80459 276521
80715 277998
80893 278355
81035 281899
81442 283436
81704 284918
81957 287009
82287 288120
82512 288626
82640 289245
82784 289604
83007 291837
83201 292846
83454 294870
83573 295086
83692 295314
83954 296107
84202 296919
84321 297472
84485 298074
84686 302558
84899 302791
85042 303322
85198 303720
85343 304229
85541 304639
85758 304929
86002 305786
86113 305991
86315 307514
86493 308053
86641 308526
86749 309356
86850 309706
87100 311457
87302 311900
87585 314981
87992 315517
88219 316240
88315 317172
88504 317798
88671 318168
88837 318731
89056 319896
89339 322899
89578 323693
89895 324772
90141 325815
90439 326684
90669 327328
90814 327576
90968 327846
91187 328801
91459 330325
91728 331222
91835 331528
91984 331847
92216 332917
92449 333298
92777 334870
92933 335683
93108 337187
93328 339451
93574 343508
93733 343753
93900 344091
94063 344369
94221 344637
94402 344952
95232 346445
95390 346711
95576 347179
95769 349586
95958 349920
96121 351314
96249 351737
96390 352076
96541 352687
96680 353075
96902 354072
97130 354531
97306 354711
97496 354948
97691 355378
97907 355824
98242 357819
98611 360320
98802 360614
99016 361659
99285 364090
99509 365074
99702 365373
99947 368459
100110 370124
100257 372104
100602 373117
100751 373955
100924 374695
101308 376438
101434 376870
101589 378373
101734 379039
101886 379525
102229 382969
102736 385564
102902 385884
103035 386222
103395 387829
103512 388067
103684 388633
103842 389972
103981 390293
104247 391545
104496 392464
104735 393052
105017 393596
105138 393826
105296 394097
105563 397534
105760 398690
105889 399069
106294 400906
106525 401638
107050 402590
107190 406472
107333 407668
107605 408532
107872 411094
108373 415309
108772 416463
108924 416722
109196 418144
109449 418953
109744 421213
109869 422433
109995 423315
110150 424341
110383 426359
110501 426515
110831 429925
110950 430183
111058 430502
111143 430885
111255 431349
111512 432013
111767 432496
111936 433602
112104 434673
112272 435901
112441 437459
112607 437773
112934 439392
113202 439638
113344 440305
113498 440577
113691 441230
113835 442610
113935 443000
114061 443947
114255 444803
114608 445995
114941 446946
115275 449666
115505 451045
115767 452028
116131 457226
116810 458519
117066 463769
117169 465217
117312 465499
117393 465742
117503 466567
117592 466746
117673 466938
117753 467108
117816 467609
117878 467957
118064 468771
118227 469440
118348 469919
118580 472854
118698 473022
118935 473800
119174 474471
119427 474708
119676 474941
119811 475155
120032 477340
120196 477893
120327 478253
120472 478525
120676 484082
120950 484594
121124 484915
121229 485104
121476 505252
121771 506492
121889 506778
122102 511818
122314 512635
122604 513264
122937 515087
123090 517312
123276 517681
123661 527673
123825 528513
123982 529435
124145 530333
124308 531231
124468 534615
124648 541473
124772 541655
124917 542431
125073 543301
125229 544198
125384 545006
125547 546247
125749 547347
125884 547651
126093 548192
126301 548718
126444 549185
126612 549360
126816 554321
127003 557725
127292 558976
127436 559322
127588 559759
127758 561259
127918 562239
128080 562655
128243 563041
128406 563767
128595 564320
128758 564740
128922 565262
129070 565867
129244 566072
129415 566547
129590 567036
129851 567970
129976 568288
130172 568910
130429 569549
130659 570408
130894 572843
131018 573225
131454 574801
131713 577746
132034 578546
132320 579398
132618 580527
132879 582289
133124 584303
133256 584953
133567 586756
133706 587345
133957 588354
134126 589154
134281 590607
134577 591439
134905 592026
135262 593976
135366 594116
135472 594260
135635 594523
135801 594785
135963 595526
136160 595917
136282 596145
136515 596776
136631 596910
136728 597043
136934 597629
137123 598074
137263 598486
137369 598668
137506 598964
137715 599377
137854 599716
138062 599998
138183 600161
138295 600286
138469 600981
138613 615463
138724 615667
138897 615985
139155 616421
139352 617194
139519 618339
139756 619137
139933 622541
140068 622981
140196 623212
140732 625418
141270 628496
141466 629156
141839 629992
142008 630475
142109 631041
142256 631571
142416 633035
142787 635600
142933 636271
143089 638287
143519 639150
143670 640446
143968 641357
144201 641642
144423 642596
144660 642901
144880 644612
145172 644953
145411 647020
145702 647442
145947 647735
146198 648047
146429 649138
146616 650031
146779 651176
147003 652105
147183 652682
147362 657441
147604 658297
147802 658585
148035 659966
148287 660281
148568 661009
148830 662281
149083 663359
149366 664801
149760 665518
150032 666173
150268 668245
150560 668842
150696 669286
150928 670151
151059 670551
151201 670739
151348 671428
151504 671613
151661 672894
151824 673495
152018 673837
152212 674359
152416 676577
152657 678304
152885 682247
153102 682711
153310 683414
153512 684329
153865 685042
154102 685613
154321 690747
154510 691810
154718 692220
154916 694140
155129 696493
155288 696847
155450 697207
155614 697652
155775 698005
155934 698654
156097 698993
156254 699210
156423 699562
156583 699782
156742 700099
156894 700311
157037 700796
157189 701284
157546 702321
157785 702831
158048 703808
158263 704292
158553 707400
158845 709519
159066 709884
159215 710228
159383 711346
159596 711938
159831 712474
160204 714261
160457 715507
160823 717692
160962 718113
161217 719800
161424 722011
161670 724079
161871 725763
162105 726589
162348 727885
162551 728276
162806 731410
163014 732007
163178 732488
163397 734689
163663 740800
163820 741059
163911 741492
164079 741757
164265 743820
164514 745019
164687 746176
165065 747178
165352 749198
165567 750713
165773 751167
165975 752332
166172 753346
166387 754616
166554 756123
166738 757467
166849 758189
166912 758502
167090 758783
167266 759148
167422 759944
167579 760957
167696 761323
168033 762006
168123 762207
168356 762490
168558 766104
168810 766537
169110 766979
169492 767739
169693 768837
169937 769409
170181 769896
170420 770235
170678 770788
170847 772769
171087 774523
171254 774844
171564 775372
171687 775848
171838 776416
172142 777302
172344 777863
172574 778668
172721 779511
172892 779797
173061 780077
173157 780293
173352 781120
173646 782117
173798 782436
173934 782689
174075 782962
174279 783204
174438 784993
174779 786314
174931 786932
175040 787264
175162 787581
175368 789372
175530 789876
175831 793543
176035 795647
176262 798000
176486 798321
176608 798679
176831 799263
176958 799473
177158 799792
177363 800662
177518 802733
177690 803281
177844 804556
178030 812070
178172 812782
178447 813317
178752 814092
178905 816698
179069 818860
179398 821466
179580 822142
179810 822975
179917 823170
180157 830611
180327 831068
180595 832793
180792 833452
181172 834724
181297 835868
181545 836127
181751 836647
181936 841699
182123 842521
182436 846544
182545 847131
182737 847304
182854 847520
183091 852112
183282 852285
183398 852552
183634 860376
183811 860710
184000 862463
184294 869736
184392 870254
184604 871941
184874 872647
185424 875287
185689 882438
185997 883177
186257 885062
186606 886348
186881 887253
187138 893639
187452 894375
187602 894873
187919 897121
188001 897284
188081 897445
188216 897785
188351 898109
188572 898404
188757 899789
189033 900525
189348 901643
189663 902761
189946 903661
190090 905101
190268 906303
190436 907210
190722 908293
190922 909209
191119 909835
191340 910605
191520 911825
191679 912649
191840 913045
192002 913535
192169 914013
192326 914729
192514 915143
192676 915543
192839 916056
193095 916755
193287 917316
193505 917830
193693 918157
193811 918457
193947 918736
194120 919479
194276 920203
194416 920620
194656 921725
194915 922763
195038 923129
195280 923993
195522 925052
195743 925768
195909 926171
196037 926488
196196 926727
198109 928639
198301 929312
198609 932062
198786 933778
199028 934221
199178 935132
199321 938234
199413 938451
199676 939087
199860 939487
199963 939824
200073 940323
200253 940743
200365 941248
200628 941814
201094 947101
201491 948061
201622 948218
201758 948380
201971 948898
202185 958011
202333 958765
202483 959539
202633 961010
202783 961697
202938 962162
203090 962585
203245 963408
203411 963755
203593 964219
203753 964816
203958 965720
204229 967576
204377 968377
204558 968863
204719 969317
204930 969663
205146 970019
205361 970552
205566 971269
205724 971778
205933 972316
206132 974023
206352 974378
206478 974970
206691 975657
206894 976342
207094 978210
207353 978753
207525 979387
207725 980258
207850 980505
208131 984340
208391 984851
208583 985764
208807 986097
208925 986546
209156 991655
209476 996667
209621 997484
209733 997896
210136 999208
210295 999558
210457 999890
210696 1000128
211144 1001746
211295 1002052
211597 1003737
211734 1003868
211944 1004222
212271 1008616
212569 1009274
212743 1009584
212883 1009834
213284 1016954
213445 1017411
213566 1017808
213755 1018061
214091 1022550
214247 1022950
214402 1023366
214593 1023914
214960 1028223
215243 1029321
215663 1033633
215885 1037996
216168 1038659
216277 1039578
216643 1044707
216754 1045511
217098 1047196
217310 1048285
217486 1051760
217713 1052784
217940 1055024
218210 1056524
218509 1057617
218665 1058346
218932 1059943
219157 1060616
219329 1061555
219491 1062187
219759 1064062
220036 1065234
220231 1066279
220382 1070412
220587 1070982
220760 1071173
220912 1071703
221064 1072239
221182 1072490
221335 1072979
221488 1073294
221641 1073762
222034 1074989
222238 1075958
222562 1077410
222888 1079741
223054 1080015
223372 1087199
223579 1087696
223800 1091588
224065 1094639
224267 1095026
224715 1095887
225171 1097898
225673 1098810
225908 1099281
226208 1100108
226387 1101225
226557 1101865
226801 1102383
226949 1104334
227184 1104774
227322 1105972
227608 1106615
227770 1106965
227925 1107305
228074 1108346
228264 1109810
228455 1111775
228635 1116112
228802 1116373
228876 1116647
228977 1116951
229138 1117202
229261 1117423
229453 1117687
229618 1118447
229793 1118799
229976 1119069
230088 1119178
230234 1119394
230351 1119630
230480 1119927
230760 1120514
230859 1120891
230967 1121286
231128 1122215
231257 1122593
231396 1123422
231507 1123648
231853 1123993
232055 1125074
232201 1125409
232315 1125726
232437 1126059
232687 1127259
232775 1127447
233247 1134330
233434 1134726
233609 1134976
233760 1136126
233909 1137258
234222 1139876
234385 1141588
234534 1144352
234698 1148046
234926 1150138
235361 1153807
235817 1154639
235927 1156059
236116 1156599
236278 1157933
236551 1158971
236662 1159601
236785 1159837
236910 1160181
237146 1161010
237270 1161579
237441 1162534
237636 1163058
237761 1163293
238009 1163661
238114 1165233
238342 1165608
238468 1169064
238598 1169293
238720 1169694
238956 1170243
245407 1177439
248094 1180209
248212 1180431
248354 1180688
248549 1181005
248665 1181222
248851 1181532
248980 1181760
249176 1182095
249432 1182492
249564 1182726
249715 1182987
249909 1183267
250094 1183514
250390 1183957
250593 1184303
250798 1184641
251000 1184978
251099 1185179
251194 1185371
251290 1185575
251412 1185793
251711 1186188
252208 1186828
252343 1186968
252476 1187104
252748 1188511
252888 1189175
253017 1189459
253146 1190889
253275 1192431
253392 1192595
253496 1192836
253728 1193456
253861 1194718
254028 1195469
254268 1196146
254371 1196491
254572 1197007
254717 1197843
255114 1200243
255313 1203613
255519 1207224
255654 1209798
255884 1211798
256128 1213665
256262 1214615
256531 1215593
256673 1216018
256888 1216682
257025 1217687
257193 1218165
257338 1218729
257488 1219135
257597 1219505
257755 1220815
257916 1222057
258038 1222322
258229 1222849
258409 1223142
258539 1224277
258713 1226539
258874 1227887
259125 1228880
260675 1231087
260811 1231371
260898 1231452
260975 1231590
261062 1231692
261395 1232097
261454 1232423
261676 1233017
261795 1233220
261936 1233577
262108 1233965
262510 1234402
262764 1234724
263017 1235044
263264 1235352
263529 1235678
263818 1236036
264067 1236355
264333 1236699
264645 1237078
264916 1237835
265223 1238556
265485 1238868
265770 1239244
266046 1239595
266311 1239888
266505 1240104
266881 1240458
267123 1241302
267246 1241746
267316 1241879
267616 1242193
267792 1243266
267906 1243400
268021 1243536
268145 1243689
268359 1243891
268532 1244046
268715 1244218
268879 1244476
269017 1244734
269127 1244923
269216 1245086
269317 1245681
269568 1246761
269741 1247075
269831 1247188
269951 1247815
270115 1248121
270282 1248431
270593 1248737
270681 1248829
270760 1248903
270866 1249131
270933 1249257
271002 1249424
271091 1249522
271189 1249638
271331 1250019
271394 1250767
271548 1251059
271710 1251363
271864 1251655
272019 1251948
272177 1252245
272292 1252622
272406 1253008
272512 1253404
272632 1253868
272807 1254304
273063 1254664
273153 1254996
273359 1255423
273455 1255535
273536 1256157
273689 1256806
273914 1257485
273992 1257645
274180 1257913
274271 1258083
274350 1258241
274456 1258660
274637 1258860
274743 1258996
274875 1259344
275089 1259824
275419 1261553
275568 1261699
275719 1261863
275912 1262043
276021 1262153
276118 1262349
276223 1262496
276402 1262752
276528 1262862
276698 1263204
276863 1263521
276976 1263909
277093 1264296
277204 1265164
277293 1265271
277409 1265949
277520 1266136
277642 1266464
277733 1266582
277890 1267182
278167 1267468
278285 1267607
278396 1267807
278586 1267988
278795 1268249
279003 1268508
279153 1268767
279475 1269327
279708 1269639
279838 1269819
280141 1270264
280443 1270648
280901 1271611
281586 1276919
281942 1277986
282160 1278652
282343 1279225
282470 1279690
282694 1280114
282835 1281864
283124 1286130
283441 1291792
283604 1292250
283727 1292651
284104 1300357
284346 1300702
284606 1304018
284713 1304375
284944 1304963
285141 1305697
285330 1306150
285563 1307578
285791 1307976
285982 1311399
286200 1311682
286682 1312819
286993 1313830
287154 1314068
287488 1315407
287829 1316361
288076 1318262
288292 1318813
288652 1319615
288940 1320695
289142 1322550
289290 1322997
289568 1323528
289779 1326044
290150 1328786
290363 1329509
290536 1330269
290708 1330658
291017 1331548
291314 1336570
291679 1337002
291890 1355703
291998 1356220
292161 1356524
292402 1357025
292663 1369841
292974 1374260
293142 1374887
293409 1375715
293609 1379327
293944 1379684
294129 1380044
294322 1380607
294518 1388517
294900 1388848
295137 1390523
295257 1391450
295458 1392444
295713 1394159
296027 1395874
296325 1398415
296557 1399169
296973 1400998
297101 1401276
297212 1401500
297325 1401731
297626 1406242
297932 1411307
298083 1411676
298266 1413698
298510 1414565
298730 1415120
298926 1415697
299049 1416525
299165 1416884
299381 1418992
299678 1420770
299892 1421550
300190 1433715
300450 1434469
300725 1435235
300910 1435882
301385 1439940
301685 1441368
301977 1441637
302204 1442656
302372 1443130
302651 1445955
302901 1446943
303097 1447421
303208 1447795
303416 1448830
303677 1449307
304007 1450368
304247 1450831
304711 1452639
305012 1453148
305314 1461888
305595 1462735
305870 1463272
306123 1468815
306346 1469361
306513 1470450
306839 1471604
307249 1477551
307608 1484328
307986 1487219
308096 1487868
308460 1489753
308750 1493248
309046 1496878
309409 1506319
309676 1506687
310047 1513410
310274 1513875
310562 1514428
311237 1516489
311751 1520490
312113 1521004
312590 1522153
312891 1523816
312989 1524460
313150 1525339
313319 1525653
313490 1526039
313806 1526394
314154 1526885
314426 1527351
314754 1527877
315001 1528229
315292 1529255
315693 1530113
316065 1532523
316479 1533156
316588 1533520
316774 1534567
317142 1539580
317402 1540407
317546 1540985
317682 1541428
317822 1542136
318023 1543782
318193 1544316
318496 1546832
318563 1547014
318844 1561985
319337 1562683
319641 1563041
320015 1563531
320108 1563607
320201 1563683
320412 1564077
320539 1564389
320709 1564655
321021 1566016
321283 1566766
321598 1567320
321832 1568290
322127 1570855
322423 1574455
322724 1576500
323034 1579783
323323 1583425
324454 1584633
324590 1584917
325029 1586764
325390 1587313
325669 1587878
326168 1588684
326618 1590306
326911 1591189
327547 1593265
328328 1598607
329170 1600593
329378 1600925
329784 1602045
330193 1603648
330733 1604407
330827 1604507
331111 1604900
331205 1606340
331365 1606811
331517 1607047
331600 1607217
331794 1607688
331967 1607896
332073 1608316
332178 1608734
332566 1610440
332670 1612278
332772 1612558
332960 1632122
333307 1632719
333680 1633336
333893 1633635
334083 1634033
334275 1634540
334420 1634771
334555 1635092
334729 1636208
334921 1637074
335075 1638541
335749 1639905
336097 1641062
336222 1641341
336309 1642120
336456 1643291
336916 1644101
337268 1645609
337565 1646147
337711 1647158
337863 1649335
338807 1662786
tscaly/compiler.scaly
2659 2727
2786 2971
2925 3276
3034 3382
8315 8658
8570 9084
8651 9161
8780 10283
9674 11700
9789 11940
10195 13204
10248 13228
14441 17416
14617 18794
14772 19064
14924 19317
15059 19567
15191 19800
15298 19939
15557 20351
16237 21224
16869 23610
17254 25913
18328 27271
18670 29094
19018 30062
19139 31264
19538 31941
19771 33131
20432 34127
20649 34756
20924 36197
21171 37583
21323 38389
21389 38711
21546 39180
21849 39901
22085 40677
22529 42173
22726 42473
23004 43018
23172 43423
23289 44002
23457 45000
23746 46643
23915 46857
24019 47033
24213 47632
24596 48272
24868 49701
25279 50755
25491 51466
25685 51923
26837 54185
27216 56205
27597 57053
27847 57570
28032 62798
28241 65347
28383 65840
28558 66505
28862 68192
29109 69691
29336 70535
29594 72998
29940 76496
30283 77966
30472 79082
30667 82494
30934 83117
31136 84491
32114 85699
32372 90270
32561 91579
32797 98355
32884 98439
33098 98773
33289 100091
33652 114218
34003 115546
34215 116829
34324 119359
34591 121728
34739 123583
34957 124819
35293 125533
35517 126656
35752 127112
35959 127590
36300 128659
36510 129017
36667 129353
36807 129779
36998 130116
37186 130364
tscaly/inflate.scaly
969 2008
1133 2667
1184 3313
1307 4020
1484 5350
1634 6052
1706 6782
1761 9404
1934 10909
2017 11145
2101 11276
2186 11451
2272 11570
tscaly/diagnosticwriter.scaly
1098 1096
1358 1641
1451 1728
1738 3075
1874 3550
1982 3888
2292 5372
2668 5750
2746 5836
3012 7354
3193 9751
3269 9846
3425 10131
3575 10421
3777 11179
3926 11580
4149 11915
4290 12151
4497 13034
4592 13230
4764 13493
4826 13583
4912 13708
5161 17603
5424 19526
5686 20631
5932 21290
6179 25146
6464 26722
6573 27245
tscaly/system.scaly
5006 5586
5141 5815
5473 6262
5605 6495
5712 6629
5813 6749
5925 6932
6023 7482
6217 7683
6311 7768
6414 8156
6537 8474
6649 8750
6808 9255
6923 9830
7118 10353
7307 10875
7523 11394
7784 11793
7899 12204
7996 12371
8068 12590
8312 13322
8479 13858
8544 14036
8650 14362
8812 17323
8941 17880
9090 18493
9346 20074
9503 20350
9633 20622
9932 21750
10066 22195
10274 23356
10374 23585
10538 24530
10750 25169
10894 25519
10985 25619
tscaly/commandline.scaly
2082 2333
2207 2614
2333 2914
2426 3187
2586 3459
2689 3769
2787 4062
3059 4963
3412 5355
3516 5510
3749 5972
3869 6199
4001 6487
4391 8842
4562 9713
4769 10490
4977 10747
5159 11398
5500 12285
5576 12380
5738 12836
5819 12956
6080 14490
6222 14704
6566 20569
6799 21753
7117 24142
7399 25951
7640 26509
8013 28741
8125 28986
tscaly/programhost.scaly
2497 2544
2654 2668
2941 3018
3335 3796
3764 4599
4095 5467
4365 6828
4859 9659
6134 10993
7203 12100
7318 12214
10258 16008
10766 18437
11153 19580
11520 21104
11691 27235
11915 28255
12086 28746
12433 31860
12785 32767
13117 33813
13211 33903
13337 33977
13414 34059
13716 34639
13820 34949
14159 35968
14468 37279
14561 37567
14674 37816
15711 53847
16447 54577
16942 55266
17059 55926
17194 56396
17626 57464
17825 57682
18115 59913
18229 61763
19136 67789
19260 67946
19392 68153
19549 68605
19839 69763
20144 72487
20662 73214
20890 73642
21151 75071
21617 77451
21875 89483
22127 89971
22363 90852
22431 91057
22793 93080
23095 94750
23237 94951
23389 95162
23542 95374
23686 96630
24105 99449
24450 101964
24716 103478
25071 104090
25387 105840
25589 106754
25682 106919
25830 107079
25957 107764
26257 108138
27184 109714
28166 111511
28348 111855
28545 112284
28977 115053
29182 116691
29374 117224
29647 117552
29930 117820
30345 120192
30522 121402
30827 124450
30929 124982
31086 125593
31287 127031
31532 128431
31621 128564
32106 129029
32329 134102
32665 134502
32801 135765
32901 135986
33112 136351
33265 140270
33759 144698
33928 144869
34083 145156
34247 145457
34367 145660
34499 145872
34841 147410
35075 148583
35233 148769
35375 149003
35486 149246
35786 149637
35907 149930
36081 150628
36266 151222
36671 153187
36885 155879
37014 156193
37272 156684
37448 159203
37675 159805
37928 160450
38148 161613
38393 163645
38959 167852
39429 170119
39573 171080
39767 172386
39865 172591
40049 172977
40224 173396
40375 173699
40480 173921
40651 174384
40810 174720
40945 176124
41183 176766
41356 178193
41720 181771
41875 181940
42046 182653
42334 183618
42438 183804
42642 185184
42756 185384
42984 186055
43169 186430
43410 188806
43534 190814
tscaly/incremental.scaly
5299 5552
5453 5943
6542 7350
7778 8960
7901 9166
8032 9394
8160 9611
8266 9776
8370 9937
8498 10158
8624 10323
8783 10763
9022 11465
9174 11614
9299 11847
9476 12385
9758 12777
9856 12917
9957 13060
10057 13696
10199 14370
10347 14594
10489 14825
10598 15028
10829 15726
11070 16955
11247 17461
11901 18099
11978 18189
12244 19189
12677 19898
12849 20539
13094 21287
13287 24762
13536 26424
13627 26733
13833 28129
14062 30498
14300 31065
14652 32629
15038 33905
15247 35752
15514 37037
15646 37730
15868 37988
16089 38212
16249 40743
16361 41049
16580 43483
16863 43830
17003 44375
17215 45691
17346 46378
17528 51415
17767 51959
17833 53125
17900 53915
17968 54246
18827 56881
18928 57204
19038 57543
19191 57758
19274 58201
19514 59125
19804 60313
20014 62551
20167 63050
20417 63301
20635 68678
20895 70046
21113 70881
21324 71809
21387 72921
22069 74005
22172 74197
22370 76454
22511 76723
22716 80413
22978 82246
23311 83623
23633 85287
23921 86634
24215 87361
24488 89100
24608 89424
24796 92312
25016 92623
25251 92911
25900 97077
26130 97430
26275 97572
26418 98029
26582 99155
26758 100460
26847 101859
27037 103619
27240 105863
27432 108942
27589 109459
27785 110416
27990 111755
28116 112514
28243 112927
28381 113766
28511 114342
28661 115533
28947 117094
29109 118472
29223 118847
29459 119944
29678 120385
29921 121847
30239 123309
30466 126530
30978 127906
31097 128004
31181 132202
31313 132657
31470 133962
31551 136864
31623 137906
31746 138367
31892 138798
32016 140020
tscaly/help.scaly
1627 2450
1699 2693
1792 2836
1863 3178
1934 3676
2013 4027
2204 4747
2424 5310
2529 5636
2916 5982
3056 6071
3233 6449
3373 6693
3519 7155
3795 7579
3919 7869
4012 8155
4102 8429
4199 8743
4289 9068
4410 9361
4536 9674
4659 9960
4760 10290
4935 10843
5182 11278
5515 11832
5621 12798
5827 14557
6021 16592
6204 17469
6461 19508
6604 19768
6771 22065
6858 22586
7030 24005
7149 24611
7308 25610
7643 26459
7832 28379
8084 29482
8238 30530
8366 30705
8496 30933
8900 32373
9089 32978
9231 33136
9415 37492
tscaly/execute.scaly
3237 4108
3502 4738
3628 5048
3777 5312
3956 5521
4098 5959
4259 6249
4483 6573
4602 6689
4829 7252
5982 16474
6479 16955
6826 21164
6927 21525
7084 21871
7264 22488
7558 23033
7872 25112
8117 28988
8391 29660
8560 29983
8755 30249
8989 30767
10400 33208
10983 33938
11447 36607
11866 37400
13278 42140
13858 42893
14138 43749
tscaly/watcher.scaly
2313 2395
2511 2782
2827 4175
3033 4841
3217 5428
3349 5779
3546 6300
3689 6707
3866 7941
3986 8217
4129 8496
4265 8832
4470 9375
4770 11872
4996 12351
5124 12596
5476 14275
5626 14836
5744 15761
7354 17694
7431 17776
7580 17936
7702 18063
7906 18250
8066 18552
8182 19119
9181 20425
9367 20609
9487 21292
9655 21495
9816 25091
9976 25306
10214 26823
10365 27140
10500 27547
10722 30024
11707 31653
11813 31826
11974 32624
12152 34218
12375 35259
12462 35525
12655 36246
13648 39995
13784 40386
13973 42609
14274 43419
14551 45298
tscaly/build.scaly
3127 3192
3258 3379
3418 3588
3583 3849
3668 3979
3746 4132
6662 7960
6821 8339
7857 9832
8201 10842
8305 11157
8593 14225
8942 14948
9300 17540
10317 22130
10598 23057
10814 23374
10979 23883
11093 24223
12320 27073
12587 29203
12773 29442
12883 29669
13044 30215
13215 30377
13329 30490
13459 30668
13621 30983
13854 33304
14946 37317
15139 38147
15267 38416
15468 40141
15649 41798
15807 42346
15941 42623
16324 43655
16543 44445
16690 56936
16865 57343
17027 58062
17190 59324
17599 61044
17784 61490
17988 62095
18402 63615
18556 67444
18983 68535
19212 68945
19408 69445
19630 69859
19816 70704
19954 71613
20199 72173
20372 73442
20521 77258
21563 79334
21792 80079
22041 86977
22172 87398
22410 88021
22723 89307
22900 89732
tscaly/TypeDump.scaly
6123 6108
6448 6417
7624 7577
9295 11936
10251 13869
11569 16099
13628 19152
14413 20931
15288 22711
16159 24590
17113 26322
17992 27239
18354 28186
19143 29009
19497 30042
20343 30922
20697 31955
21275 32567
21629 33689
21835 34818
22986 37847
23215 41269
23806 44882
24041 45163
24315 48662
24633 49679
24845 51272
26153 52745
tscaly/LitCheck.scaly
3695 5506
4059 6176
4665 7220
4764 7418
5106 8189
5184 8471
